"","No","model","name","address","x","y","gover"
"1",850,"V02Q1940043","19ABBB구로구-0012","구로구-0012",37.5471975549545,126.886815659575,"구로구"
"2",849,"V02Q1940044","19ABBB구로구-0014","구로구-0014",37.5151113144006,126.860738850809,"구로구"
"3",848,"V02Q1940045","19ABBB구로구-0011","구로구-0011",37.570355050515,126.989056484449,"구로구"
"4",847,"V02Q1940046","19ABBB구로구-0001","구로구-0001",37.4947424418909,126.88417068546,"구로구"
"5",846,"V02Q1940047","19ABBB구로구-0005","구로구-0005",37.6087307236946,126.99992721539,"구로구"
"6",845,"V02Q1940049","19ABBB동대문구-0007","동대문구-0007",37.5498951383494,126.901690197705,"동대문구"
"7",844,"V02Q1940050","19ABBB구로구-0006","구로구-0006",37.4479877114634,127.05855060096,"구로구"
"8",843,"V02Q1940051","19ABBB구로구-0008","구로구-0008",37.6368861297867,126.949610649554,"구로구"
"9",842,"V02Q1940052","19ABBB구로구-0013","구로구-0013",37.5483084531586,127.034293663824,"구로구"
"10",841,"V02Q1940053","19AAAA중구-0016","중구-0016",37.5511797971284,127.020390061768,"중구"
"11",840,"V02Q1940054","19ABBB구로구-0007","구로구-0007",37.4760968195435,126.926536432593,"구로구"
"12",839,"V02Q1940055","19ABBB구로구-0015","구로구-0015",37.5831094201147,127.027970385958,"구로구"
"13",838,"V02Q1940056","19ABBB구로구-0004","구로구-0004",37.6978696936674,127.012542826183,"구로구"
"14",837,"V02Q1940057","19ADHH구로구-0024","구로구-0024",37.4537777534001,126.98384557592,"구로구"
"15",836,"V02Q1940058","19ADIM동대문구-0017","동대문구-0017",37.6114100470213,127.13146550255,"동대문구"
"16",835,"V02Q1940059","19ABBB강남구-0001","강남구-0001",37.6006892454655,126.966511092963,"강남구"
"17",834,"V02Q1940060","19ABBB강남구-0003","강남구-0003",37.6355938672835,127.04256219702,"강남구"
"18",833,"V02Q1940061","19ADII구로구-0025","구로구-0025",37.4952227684661,127.095787838706,"구로구"
"19",832,"V02Q1940062","19ABBB강서구-0013","강서구-0013",37.4775566301517,127.119032543959,"강서구"
"20",831,"V02Q1940063","19ABBB강남구-0020","강남구-0020",37.538090225596,127.094924731497,"강남구"
"21",830,"V02Q1940064","19ABBB성북구-0008","성북구-0008",37.5088394329684,127.002898575874,"성북구"
"22",829,"V02Q1940065","19ABBB구로구-0010","구로구-0010",37.5415904617548,127.022302887168,"구로구"
"23",828,"V02Q1940066","19ABBB강서구-0002","강서구-0002",37.4934756976384,126.976823813833,"강서구"
"24",827,"V02Q1940067","19ABBB서초구-0001","서초구-0001",37.6046791826433,127.092726082391,"서초구"
"25",2,"V02Q1940068","19ABBB서초구-0013","서초구-0013",37.5245465678588,126.971558279122,"서초구"
"26",826,"V02Q1940069","19ABBB강서구-0012","강서구-0012",37.53621155846,127.049962920396,"강서구"
"27",825,"V02Q1940070","19ACEE구로구-0018","구로구-0018",37.5370994627274,127.075485659153,"구로구"
"28",824,"V02Q1940071","19ABBB양천구-0017","양천구-0017",37.5000530765636,126.915143182919,"양천구"
"29",823,"V02Q1940072","19ADIM강서구-0029","강서구-0029",37.586960723063,126.909758177957,"강서구"
"30",822,"V02Q1940073","19ACDD구로구-0017","구로구-0017",37.4688851049852,126.909332680069,"구로구"
"31",821,"V02Q1940074","19ACCC영등포구-0019","영등포구-0019",37.5453612074848,126.904124721942,"영등포구"
"32",820,"V02Q1940075","19ABBB노원구-0009","노원구-0009",37.5462947643238,127.019915707876,"노원구"
"33",819,"V02Q1940076","19BCFF노원구-0026","노원구-0026",37.5150046219715,127.132191572845,"노원구"
"34",818,"V02Q1940077","19ABBB영등포구-0004","영등포구-0004",37.6485300156153,126.919899553172,"영등포구"
"35",817,"V02Q1940078","19ACDD강서구-0022","강서구-0022",37.50462153434,126.974017176931,"강서구"
"36",816,"V02Q1940079","19ABBB강남구-0004","강남구-0004",37.593651392335,126.989791364572,"강남구"
"37",815,"V02Q1940080","19ABBB강남구-0021","강남구-0021",37.5953987617336,126.899285299265,"강남구"
"38",814,"V02Q1940081","19ABBB동대문구-0012","동대문구-0012",37.5250004672756,127.016039963219,"동대문구"
"39",813,"V02Q1940082","19ADGG강남구-0031","강남구-0031",37.5068050993056,126.901154645288,"강남구"
"40",812,"V02Q1940083","19ACCC구로구-0016","구로구-0016",37.5504657621747,126.994868185241,"구로구"
"41",811,"V02Q1940084","19ABBB동대문구-0001","동대문구-0001",37.5101422405871,126.971792650535,"동대문구"
"42",810,"V02Q1940085","19ABBB동대문구-0010","동대문구-0010",37.4966712643829,126.921606223369,"동대문구"
"43",809,"V02Q1940086","19ABBB구로구-0009","구로구-0009",37.6183747938369,126.919238439761,"구로구"
"44",808,"V02Q1940087","19ABBB성북구-0009","성북구-0009",37.4867382785247,126.892138889888,"성북구"
"45",807,"V02Q1940088","19ADHO동대문구-0019","동대문구-0019",37.5911191275738,127.013102823506,"동대문구"
"46",806,"V02Q1940089","19ABBB동대문구-0004","동대문구-0004",37.5099666972689,126.895305931431,"동대문구"
"47",805,"V02Q1940090","19ADII구로구-0026","구로구-0026",37.5702031207176,126.859943066989,"구로구"
"48",804,"V02Q1940091","19ABBB도봉구-0014","도봉구-0014",37.6122676445115,126.869151192224,"도봉구"
"49",803,"V02Q1940092","19ABBB동대문구-0013","동대문구-0013",37.5736903278648,126.962167109837,"동대문구"
"50",802,"V02Q1940093","19ADGG강서구-0026","강서구-0026",37.5798093130047,127.002049993125,"강서구"
"51",801,"V02Q1940094","19ABBB강남구-0008","강남구-0008",37.5402570803369,126.943561920808,"강남구"
"52",800,"V02Q1940095","19ABBB양천구-0003","양천구-0003",37.6161243127836,126.94239875709,"양천구"
"53",799,"V02Q1940096","19ADHO동대문구-0020","동대문구-0020",37.5154975637753,127.047658978813,"동대문구"
"54",798,"V02Q1940097","19ACEE동대문구-0016","동대문구-0016",37.5899839747421,126.998982309107,"동대문구"
"55",797,"V02Q1940098","19ACDD강남구-0024","강남구-0024",37.5281716394395,127.010091874927,"강남구"
"56",796,"V02Q1940099","19ABBB동대문구-0005","동대문구-0005",37.5065862137887,126.938586625772,"동대문구"
"57",795,"V02Q1940100","19ADGG강남구-0030","강남구-0030",37.5671664356944,126.916854124077,"강남구"
"58",794,"V02Q1940101","19ADHO동대문구-0018","동대문구-0018",37.5671372394144,127.013641598133,"동대문구"
"59",793,"V02Q1940102","19ADIM강남구-0033","강남구-0033",37.5224114931109,127.034453574272,"강남구"
"60",792,"V02Q1940103","19ADHH강서구-0027","강서구-0027",37.4670279820765,127.030289962512,"강서구"
"61",791,"V02Q1940104","19ABBB강서구-0005","강서구-0005",37.5157377977767,127.00094509621,"강서구"
"62",790,"V02Q1940105","19ABBB강서구-0009","강서구-0009",37.5278722658886,126.997953419864,"강서구"
"63",789,"V02Q1940106","19ABBB동대문구-0011","동대문구-0011",37.5832674735155,127.001368447088,"동대문구"
"64",788,"V02Q1940107","19ACCC강북구-0014","강북구-0014",37.5414692258656,126.99680543179,"강북구"
"65",787,"V02Q1940108","19ABBB동대문구-0009","동대문구-0009",37.4999518148048,126.87844798509,"동대문구"
"66",786,"V02Q1940109","19ABBB동대문구-0006","동대문구-0006",37.5676140758609,127.110471917927,"동대문구"
"67",785,"V02Q1940110","19ABBB영등포구-0016","영등포구-0016",37.5535314079891,126.97557741141,"영등포구"
"68",784,"V02Q1940111","19ABBB구로구-0002","구로구-0002",37.5253351871682,126.870115158784,"구로구"
"69",783,"V02Q1940112","19ABJB성동구-0028","성동구-0028",37.5910036258035,126.848261131847,"성동구"
"70",782,"V02Q1940113","19ACCC강서구-0021","강서구-0021",37.5159276219132,126.869685796071,"강서구"
"71",781,"V02Q1940114","19ABBB강서구-0001","강서구-0001",37.4393804639906,126.883608820081,"강서구"
"72",780,"V02Q1940115","19ABBB동대문구-0008","동대문구-0008",37.5225472725663,127.045008816751,"동대문구"
"73",779,"V02Q1940116","19ACDD동대문구-0021","동대문구-0021",37.4677453315894,127.026314645782,"동대문구"
"74",778,"V02Q1940117","19BCFF송파구-0032","송파구-0032",37.4794093623599,127.103295760687,"송파구"
"75",777,"V02Q1940118","19ABBB동대문구-0002","동대문구-0002",37.6213647978532,126.994032981175,"동대문구"
"76",776,"V02Q1940119","19ABBB동대문구-0014","동대문구-0014",37.4716196759371,126.923026377225,"동대문구"
"77",775,"V02Q1940120","19ACCC동대문구-0015","동대문구-0015",37.572808081162,127.139011485663,"동대문구"
"78",774,"V02Q1940121","19ABBB영등포구-0005","영등포구-0005",37.6086123335734,126.984211297731,"영등포구"
"79",773,"V02Q1940122","19ABBB동대문구-0003","동대문구-0003",37.480824106711,127.061809432144,"동대문구"
"80",772,"V02Q1940123","19ABBB강남구-0006","강남구-0006",37.6193309442771,126.99679668324,"강남구"
"81",771,"V02Q1940124","19ABBB강서구-0008","강서구-0008",37.6389011297132,127.002358241708,"강서구"
"82",770,"V02Q1940125","19ABBB강서구-0010","강서구-0010",37.4833606297021,126.960021781956,"강서구"
"83",769,"V02Q1940126","19ABBB강서구-0011","강서구-0011",37.5317145831765,127.041930128121,"강서구"
"84",768,"V02Q1940127","19ABBB영등포구-0002","영등포구-0002",37.5496569518017,126.890970451382,"영등포구"
"85",767,"V02Q1940128","19ABBB노원구-0006","노원구-0006",37.6093160953886,126.849049599508,"노원구"
"86",766,"V02Q1940129","19ABBB강남구-0005","강남구-0005",37.5132747439053,126.981470904055,"강남구"
"87",765,"V02Q1940130","19ABBB강서구-0003","강서구-0003",37.5794980481754,126.833698856817,"강서구"
"88",764,"V02Q1940131","19ABBB성북구-0001","성북구-0001",37.4729534196796,127.104473326396,"성북구"
"89",763,"V02Q1940132","19ABBB노원구-0018","노원구-0018",37.6242372636763,127.151807856579,"노원구"
"90",762,"V02Q1940133","19ABBB영등포구-0015","영등포구-0015",37.5530818617534,126.847806717166,"영등포구"
"91",761,"V02Q1940134","19ABBB광진구-0015","광진구-0015",37.5901768937387,126.882485401212,"광진구"
"92",760,"V02Q1940135","19ADGG도봉구-0020","도봉구-0020",37.6708842081749,127.027198148121,"도봉구"
"93",759,"V02Q1940136","19BCFF구로구-0019","구로구-0019",37.5364356905837,127.0237798426,"구로구"
"94",758,"V02Q1940137","19ABBB강북구-0013","강북구-0013",37.4644250882353,127.003142410037,"강북구"
"95",757,"V02Q1940138","19ADHL서대문구-0019","서대문구-0019",37.48928279459,126.950201550639,"서대문구"
"96",756,"V02Q1940139","19ACCC은평구-0017","은평구-0017",37.5101409862082,126.951701926444,"은평구"
"97",755,"V02Q1940140","19BCFF구로구-0022","구로구-0022",37.6139764919387,126.952507858627,"구로구"
"98",754,"V02Q1940141","19ABBB서초구-0005","서초구-0005",37.5591384863626,127.024732463988,"서초구"
"99",753,"V02Q1940142","19BCFF강동구-0024","강동구-0024",37.5736636359679,126.930214455846,"강동구"
"100",752,"V02Q1940143","19ABBB성북구-0006","성북구-0006",37.6053199027638,126.872675200841,"성북구"
"101",751,"V02Q1940144","19ABBB서초구-0010","서초구-0010",37.4616238648782,126.955014507688,"서초구"
"102",750,"V02Q1940145","19ABBB강남구-0014","강남구-0014",37.5177428816963,127.109904638034,"강남구"
"103",749,"V02Q1940146","19ABBB노원구-0007","노원구-0007",37.6325040637024,126.936661897664,"노원구"
"104",748,"V02Q1940147","19ABBB성북구-0015","성북구-0015",37.4941723650881,126.939302267153,"성북구"
"105",747,"V02Q1940148","19ABBB서초구-0006","서초구-0006",37.5204569901122,126.905685209323,"서초구"
"106",746,"V02Q1940149","19ABBB강남구-0013","강남구-0013",37.5500774513687,127.09121822633,"강남구"
"107",745,"V02Q1940150","19ADGG노원구-0027","노원구-0027",37.5179803635695,126.976809483748,"노원구"
"108",744,"V02Q1940151","19ADHJ노원구-0031","노원구-0031",37.5533563692003,127.190859442883,"노원구"
"109",743,"V02Q1940152","19ABBB강남구-0011","강남구-0011",37.5779829531909,127.07940257057,"강남구"
"110",742,"V02Q1940153","19ADIM노원구-0030","노원구-0030",37.4720716137225,126.9409074536,"노원구"
"111",741,"V02Q1940154","19ABBB노원구-0015","노원구-0015",37.6048233221661,127.081202811749,"노원구"
"112",740,"V02Q1940155","19ABBB노원구-0012","노원구-0012",37.5425284918868,126.959313558831,"노원구"
"113",739,"V02Q1940156","19ABBB성동구-0004","성동구-0004",37.5924130110039,126.914115764474,"성동구"
"114",738,"V02Q1940157","19ABBB노원구-0019","노원구-0019",37.525417914494,126.949818251896,"노원구"
"115",737,"V02Q1940158","19ACCC서초구-0019","서초구-0019",37.5570418592248,127.006758537722,"서초구"
"116",736,"V02Q1940159","19ABBB중랑구-0016","중랑구-0016",37.5912278734476,126.979730965007,"중랑구"
"117",735,"V02Q1940160","19ABBB강북구-0002","강북구-0002",37.5685161916864,126.969768658913,"강북구"
"118",734,"V02Q1940161","19ABBB강남구-0010","강남구-0010",37.647323391515,127.00439235822,"강남구"
"119",733,"V02Q1940162","19ABBB강서구-0015","강서구-0015",37.6146598757093,127.105112401153,"강서구"
"120",732,"V02Q1940163","19ABBB강서구-0004","강서구-0004",37.5814047033649,126.980218988022,"강서구"
"121",731,"V02Q1940164","19BCFF강남구-0029","강남구-0029",37.506679147941,126.948848822162,"강남구"
"122",730,"V02Q1940165","19ABBB구로구-0003","구로구-0003",37.465458942531,126.858519842261,"구로구"
"123",729,"V02Q1940166","19ABBB강서구-0007","강서구-0007",37.5371790671896,127.185629986876,"강서구"
"124",728,"V02Q1940167","19ABBB강서구-0017","강서구-0017",37.4997345141494,127.030741017144,"강서구"
"125",727,"V02Q1940168","19ABBB영등포구-0007","영등포구-0007",37.6120506042369,126.989319829654,"영등포구"
"126",726,"V02Q1940169","19ABBB영등포구-0003","영등포구-0003",37.5275602882673,126.912979915308,"영등포구"
"127",725,"V02Q1940170","19ADHO영등포구-0027","영등포구-0027",37.557781641783,126.880831353623,"영등포구"
"128",724,"V02Q1940171","19ABBB영등포구-0001","영등포구-0001",37.5894336967756,126.881853234825,"영등포구"
"129",723,"V02Q1940172","19ADIM중랑구-0021","중랑구-0021",37.5697163814737,126.961942743747,"중랑구"
"130",722,"V02Q1940173","19ABBB강서구-0018","강서구-0018",37.5876958482725,126.964434197617,"강서구"
"131",721,"V02Q1940174","19ABBB영등포구-0014","영등포구-0014",37.547118754409,127.099845233797,"영등포구"
"132",720,"V02Q1940175","19ABBB강남구-0012","강남구-0012",37.6068217260273,126.932223849393,"강남구"
"133",719,"V02Q1940176","19ABBB영등포구-0013","영등포구-0013",37.5143880711968,126.986372816306,"영등포구"
"134",718,"V02Q1940177","19ABBB강남구-0022","강남구-0022",37.5799107175126,127.110948719149,"강남구"
"135",717,"V02Q1940178","19ABBB강남구-0009","강남구-0009",37.6085891270684,127.024060064295,"강남구"
"136",716,"V02Q1940179","19ABBB강서구-0014","강서구-0014",37.5826079812971,126.991925833779,"강서구"
"137",715,"V02Q1940180","19ABBB강서구-0006","강서구-0006",37.540771891981,126.979800473239,"강서구"
"138",714,"V02Q1940181","19ADHH강서구-0028","강서구-0028",37.6022928977896,127.005988362287,"강서구"
"139",713,"V02Q1940182","19ABBB강서구-0016","강서구-0016",37.6315379216964,127.055628211159,"강서구"
"140",712,"V02Q1940183","19ABBB노원구-0017","노원구-0017",37.537168585111,126.897414515072,"노원구"
"141",711,"V02Q1940184","19ABBB영등포구-0018","영등포구-0018",37.6179861991882,126.982868543578,"영등포구"
"142",710,"V02Q1940185","19ABBB영등포구-0006","영등포구-0006",37.5361918904899,127.040058665729,"영등포구"
"143",709,"V02Q1940186","19ABBB영등포구-0010","영등포구-0010",37.4394955517002,126.961999220674,"영등포구"
"144",708,"V02Q1940187","19ABBB강서구-0019","강서구-0019",37.5311739144382,126.91041299315,"강서구"
"145",707,"V02Q1940188","19ABBB영등포구-0011","영등포구-0011",37.6014370708763,127.052692630228,"영등포구"
"146",706,"V02Q1940189","19ACEE강서구-0023","강서구-0023",37.5462012291365,126.878161397627,"강서구"
"147",705,"V02Q1940190","19ADHJ동작구-0025","동작구-0025",37.64083877419,126.929839146348,"동작구"
"148",704,"V02Q1940191","19ABBB중랑구-0005","중랑구-0005",37.582200476373,126.978332253397,"중랑구"
"149",703,"V02Q1940192","19ACEE강남구-0025","강남구-0025",37.6025091422305,126.96172207772,"강남구"
"150",702,"V02Q1940193","19ABBB강서구-0020","강서구-0020",37.7277653713735,126.802837944984,"강서구"
"151",701,"V02Q1940194","19ABBB동작구-0004","동작구-0004",37.4968459077857,126.964479831136,"동작구"
"152",700,"V02Q1940195","19ABBB중랑구-0006","중랑구-0006",37.5438470104881,126.971333740987,"중랑구"
"153",699,"V02Q1940196","19ABBB영등포구-0008","영등포구-0008",37.5120425097859,126.964320217045,"영등포구"
"154",698,"V02Q1940197","19ABBB영등포구-0009","영등포구-0009",37.4877357967737,126.858037834299,"영등포구"
"155",697,"V02Q1940198","19ABBB영등포구-0012","영등포구-0012",37.5534356526728,127.152803693983,"영등포구"
"156",696,"V02Q1940199","19ABBB영등포구-0017","영등포구-0017",37.5554180862955,127.004983692891,"영등포구"
"157",695,"V02Q1940200","19ABBB광진구-0003","광진구-0003",37.5556253550167,126.925199468223,"광진구"
"158",694,"V02Q1940201","19ADIM서초구-0025","서초구-0025",37.55257966284,126.961101720433,"서초구"
"159",693,"V02Q1940202","19ABBB광진구-0001","광진구-0001",37.5521658062184,127.138946667565,"광진구"
"160",692,"V02Q1940203","19ABBB도봉구-0004","도봉구-0004",37.5892015591337,126.937099290645,"도봉구"
"161",691,"V02Q1940204","19ABBB광진구-0014","광진구-0014",37.4785374400294,126.944888415693,"광진구"
"162",690,"V02Q1940205","19ABBB도봉구-0007","도봉구-0007",37.5108180574696,126.911391999918,"도봉구"
"163",689,"V02Q1940206","19ABBB성북구-0005","성북구-0005",37.5021140375104,126.992759359819,"성북구"
"164",688,"V02Q1940207","19ABBB강북구-0004","강북구-0004",37.5358323891531,126.926878287921,"강북구"
"165",687,"V02Q1940208","19ABBB은평구-0006","은평구-0006",37.5394050310029,126.937596442303,"은평구"
"166",686,"V02Q1940209","19ABBB광진구-0004","광진구-0004",37.4496218907084,126.832348097644,"광진구"
"167",685,"V02Q1940210","19ABBB노원구-0016","노원구-0016",37.4650765014317,126.992226927246,"노원구"
"168",684,"V02Q1940215","19ACCC노원구-0020","노원구-0020",37.5300132426325,126.847580144933,"노원구"
"169",683,"V02Q1940216","19ABBB노원구-0008","노원구-0008",37.4940757114008,126.985756412582,"노원구"
"170",682,"V02Q1940217","19ADHH영등포구-0023","영등포구-0023",37.5366194520043,127.101721543938,"영등포구"
"171",681,"V02Q1940218","19ABBB중랑구-0008","중랑구-0008",37.6611482269012,126.94993242732,"중랑구"
"172",680,"V02Q1940219","19ADII영등포구-0025","영등포구-0025",37.438985748657,127.036135558801,"영등포구"
"173",679,"V02Q1940220","19BCFF금천구-0019","금천구-0019",37.4951275877422,126.918020851417,"금천구"
"174",678,"V02Q1940221","19ACDD영등포구-0020","영등포구-0020",37.571610271602,126.844690557346,"영등포구"
"175",677,"V02Q1940222","19ADHO영등포구-0028","영등포구-0028",37.5637186588908,127.063006688936,"영등포구"
"176",676,"V02Q1940223","19ACEE영등포구-0021","영등포구-0021",37.5442864060524,127.046517803011,"영등포구"
"177",675,"V02Q1940224","19ADHJ강남구-0032","강남구-0032",37.5183560450435,126.975437139411,"강남구"
"178",674,"V02Q1940225","19ABBB중랑구-0007","중랑구-0007",37.4834862923372,127.087752884615,"중랑구"
"179",673,"V02Q1940226","19ACDD노원구-0021","노원구-0021",37.5236795685112,126.938560071925,"노원구"
"180",672,"V02Q1940231","19ACDD중랑구-0022","중랑구-0022",37.5585929347698,127.025749191196,"중랑구"
"181",671,"V02Q1940232","19ABBB종로구-0010","종로구-0010",37.6203712973302,126.866505259027,"종로구"
"182",670,"V02Q1940233","19ABBB중랑구-0015","중랑구-0015",37.5242055398616,126.952804301322,"중랑구"
"183",669,"V02Q1940234","19ABBB노원구-0005","노원구-0005",37.542310223222,127.02214659975,"노원구"
"184",668,"V02Q1940235","19ACCC중랑구-0017","중랑구-0017",37.6391255266502,127.058999517448,"중랑구"
"185",667,"V02Q1940236","19ABBB강남구-0019","강남구-0019",37.4730059278679,126.884037444941,"강남구"
"186",666,"V02Q1940237","19ABBB중랑구-0011","중랑구-0011",37.5742715300066,127.061409767746,"중랑구"
"187",665,"V02Q1940238","19ABBB노원구-0010","노원구-0010",37.5602510932751,126.939743364542,"노원구"
"188",664,"V02Q1940239","19ACCC강남구-0023","강남구-0023",37.5352446827078,126.974340822024,"강남구"
"189",663,"V02Q1940240","19ABBB양천구-0010","양천구-0010",37.5474621738988,126.991792923579,"양천구"
"190",662,"V02Q1940241","19ABBB중랑구-0009","중랑구-0009",37.5474145529923,127.031987018521,"중랑구"
"191",661,"V02Q1940242","19ABBB도봉구-0012","도봉구-0012",37.5180893085526,126.852408604598,"도봉구"
"192",660,"V02Q1940243","19ABBB중랑구-0010","중랑구-0010",37.4069914423984,127.052092644973,"중랑구"
"193",659,"V02Q1940244","19ADHH영등포구-0022","영등포구-0022",37.5722720900396,127.021499404501,"영등포구"
"194",658,"V02Q1940245","19ADHH노원구-0029","노원구-0029",37.4791151646907,126.863270730265,"노원구"
"195",657,"V02Q1940246","19ABBB강남구-0007","강남구-0007",37.6427140517908,126.990965872914,"강남구"
"196",656,"V02Q1940247","19BCFF금천구-0017","금천구-0017",37.5111731587088,126.909117008624,"금천구"
"197",655,"V02Q1940248","19ABBB중랑구-0002","중랑구-0002",37.5051877417569,126.934909385626,"중랑구"
"198",654,"V02Q1940249","19ABBB서초구-0012","서초구-0012",37.5319601204073,127.028839727217,"서초구"
"199",653,"V02Q1940250","19ABBB중랑구-0003","중랑구-0003",37.561872627748,126.972862375484,"중랑구"
"200",652,"V02Q1940251","19ADHO영등포구-0026","영등포구-0026",37.5493812120634,127.125427614334,"영등포구"
"201",651,"V02Q1940252","19ABBB중랑구-0004","중랑구-0004",37.5234484805374,126.932139294513,"중랑구"
"202",650,"V02Q1940253","19ACEE강북구-0016","강북구-0016",37.5514937070446,127.044218483338,"강북구"
"203",649,"V02Q1940254","19ABBB중랑구-0012","중랑구-0012",37.6009487300032,127.032127855411,"중랑구"
"204",648,"V02Q1940255","19ACEE중랑구-0018","중랑구-0018",37.5985139747602,126.983947573786,"중랑구"
"205",647,"V02Q1940256","19ADHH영등포구-0024","영등포구-0024",37.553846250643,126.853957777804,"영등포구"
"206",646,"V02Q1940257","19ADGG노원구-0028","노원구-0028",37.5465771810818,127.021004365702,"노원구"
"207",645,"V02Q1940258","19ABJB성동구-0043","성동구-0043",37.4568720468743,127.032840537742,"성동구"
"208",644,"V02Q1940259","19ABJB양천구-0036","양천구-0036",37.5524190046932,126.934925102961,"양천구"
"209",643,"V02Q1940260","19ACEE관약구-0024","관약구-0024",37.5580170157303,126.946949669444,"관악구"
"210",642,"V02Q1940261","19ABJB성동구-0026","성동구-0026",37.5798830571385,126.986881700903,"성동구"
"211",641,"V02Q1940262","19ABBB관악구-0007","관악구-0007",37.5623241754944,127.053414809852,"관악구"
"212",640,"V02Q1940263","19ABJB성동구-0050","성동구-0050",37.527137840915,126.960484105155,"성동구"
"213",639,"V02Q1940264","19ABBB도봉구-0002","도봉구-0002",37.5488222002971,127.051263805034,"도봉구"
"214",638,"V02Q1940265","19ABBB도봉구-0011","도봉구-0011",37.5459717670093,127.197208870616,"도봉구"
"215",637,"V02Q1940266","19ABBB노원구-0001","노원구-0001",37.4768121923036,127.15487475773,"노원구"
"216",636,"V02Q1940267","19ABBB노원구-0014","노원구-0014",37.6551685173012,126.996239765017,"노원구"
"217",635,"V02Q1940268","19ABBB서초구-0002","서초구-0002",37.5665090092127,126.948142489315,"서초구"
"218",634,"V02Q1940269","19ABJB관악구-0052","관악구-0052",37.592420018057,127.125237586286,"관악구"
"219",633,"V02Q1940270","19ABJB성동구-0041","성동구-0041",37.6140881159436,127.110481437216,"성동구"
"220",632,"V02Q1940271","19ADHH강동구-0026","강동구-0026",37.5464628035295,126.995992918252,"강동구"
"221",631,"V02Q1940272","19ABBB관악구-0009","관악구-0009",37.5755200534198,127.113860726896,"관악구"
"222",630,"V02Q1940273","19ABBB강남구-0018","강남구-0018",37.4974709063947,127.090954392474,"강남구"
"223",629,"V02Q1940274","19ABBB서초구-0003","서초구-0003",37.5990992541998,126.89153075415,"서초구"
"224",628,"V02Q1940275","19ABBB노원구-0004","노원구-0004",37.6020319768192,126.971180528125,"노원구"
"225",627,"V02Q1940276","19ABBB성북구-0004","성북구-0004",37.4934099954123,127.099936543799,"성북구"
"226",626,"V02Q1940277","19ABBB중랑구-0001","중랑구-0001",37.5477344700606,126.928535776852,"중랑구"
"227",625,"V02Q1940278","19ABBB동작구-0001","동작구-0001",37.5525375736597,126.921484078364,"동작구"
"228",624,"V02Q1940280","19ABBB광진구-0002","광진구-0002",37.553208751281,127.014425980049,"광진구"
"229",623,"V02Q1940281","19ABBB노원구-0003","노원구-0003",37.5856735870211,126.995315999856,"노원구"
"230",622,"V02Q1940282","19ABBB서초구-0004","서초구-0004",37.5372576733492,126.94582860753,"서초구"
"231",621,"V02Q1940283","19ABBB성북구-0002","성북구-0002",37.5448298123249,127.055697763702,"성북구"
"232",620,"V02Q1940284","19ABBB성북구-0003","성북구-0003",37.5045027462351,127.081395712574,"성북구"
"233",619,"V02Q1940285","19ABJB마포구-0027","마포구-0027",37.5455094490296,126.865037442297,"마포구"
"234",618,"V02Q1940286","19ABJB성동구-0061","성동구-0061",37.5332312834473,127.066959217604,"성동구"
"235",617,"V02Q1940287","19ABJB양천구-0047","양천구-0047",37.5763972900945,126.974449306978,"양천구"
"236",616,"V02Q1940288","19ABJB마포구-0045","마포구-0045",37.5353833379504,127.067682821239,"마포구"
"237",615,"V02Q1940289","19ABBB동작구-0006","동작구-0006",37.4875491487211,126.994057340206,"동작구"
"238",614,"V02Q1940290","19ABBB노원구-0011","노원구-0011",37.5513993978095,126.906207639346,"노원구"
"239",613,"V02Q1940291","19ABBB노원구-0013","노원구-0013",37.5404726493257,126.951250544448,"노원구"
"240",612,"V02Q1940292","19ADHJ동작구-0026","동작구-0026",37.6308192039107,126.946911772463,"동작구"
"241",611,"V02Q1940293","19ABBB강남구-0002","강남구-0002",37.5571034734581,126.990916352913,"강남구"
"242",610,"V02Q1940294","19ABBB광진구-0007","광진구-0007",37.5670086861225,127.038208575137,"광진구"
"243",609,"V02Q1940295","19ABBB동작구-0003","동작구-0003",37.5027226165452,126.953187402875,"동작구"
"244",608,"V02Q1940296","19ADHH동작구-0024","동작구-0024",37.5123944837181,126.893483923743,"동작구"
"245",607,"V02Q1940297","19ABBB동작구-0005","동작구-0005",37.503392713671,126.885019706439,"동작구"
"246",606,"V02Q1940298","19ACEE노원구-0022","노원구-0022",37.5064107884059,126.941867204348,"노원구"
"247",605,"V02Q1940299","19ABBB노원구-0002","노원구-0002",37.5722950203426,126.971223144018,"노원구"
"248",604,"V02Q1940300","19ABBB강북구-0011","강북구-0011",37.5447571133436,126.842086599174,"강북구"
"249",603,"V02Q1940301","19BCFF동작구-0023","동작구-0023",37.5867258480429,126.951930661421,"동작구"
"250",602,"V02Q1940302","19ADHK중구-0026","중구-0026",37.5196679253168,126.904326351919,"중구"
"251",601,"V02Q1940303","19ACEE도봉구-0017","도봉구-0017",37.5641889958871,126.938054648777,"도봉구"
"252",600,"V02Q1940304","19ABBB동작구-0009","동작구-0009",37.5006624989015,127.067443476759,"동작구"
"253",599,"V02Q1940305","19ABBB광진구-0005","광진구-0005",37.5855976347549,127.009657880052,"광진구"
"254",598,"V02Q1940306","19ABBB강동구-0011","강동구-0011",37.5767331777269,126.915011608736,"강동구"
"255",597,"V02Q1940307","19ABBB중랑구-0014","중랑구-0014",37.5748633487258,127.075499078514,"중랑구"
"256",596,"V02Q1940308","19ABBB서초구-0014","서초구-0014",37.6334121775725,126.895894328946,"서초구"
"257",595,"V02Q1940309","19ABBB강남구-0016","강남구-0016",37.532611893236,127.023363358456,"강남구"
"258",594,"V02Q1940310","19ABBB서초구-0011","서초구-0011",37.4985711353205,127.059753661567,"서초구"
"259",593,"V02Q1940311","19ABBB중랑구-0013","중랑구-0013",37.5577754111172,126.972664949804,"중랑구"
"260",592,"V02Q1940312","19ABBB양천구-0008","양천구-0008",37.5065672870255,127.086503963782,"양천구"
"261",591,"V02Q1940313","19ABBB강남구-0015","강남구-0015",37.5106850845346,126.99510713113,"강남구"
"262",590,"V02Q1940314","19ABBB강북구-0003","강북구-0003",37.6335277820321,126.965516522123,"강북구"
"263",589,"V02Q1940315","19ABBB강남구-0017","강남구-0017",37.5839965001763,126.864324960404,"강남구"
"264",588,"V02Q1940316","19ABBB동작구-0010","동작구-0010",37.599202126502,126.955845675077,"동작구"
"265",587,"V02Q1940317","19ABBB은평구-0004","은평구-0004",37.5431621105971,126.911413771175,"은평구"
"266",586,"V02Q1940318","19ABBB동작구-0002","동작구-0002",37.6134565264886,126.924610371373,"동작구"
"267",585,"V02Q1940319","19ABBB동작구-0012","동작구-0012",37.6029621119315,127.012892876626,"동작구"
"268",584,"V02Q1940320","19ABBB도봉구-0006","도봉구-0006",37.4992170483933,126.832509911219,"도봉구"
"269",583,"V02Q1940321","19ABBB강동구-0003","강동구-0003",37.6088046649804,127.034399205524,"강동구"
"270",582,"V02Q1940322","19ABBB성북구-0014","성북구-0014",37.5411032300576,126.995347384318,"성북구"
"271",581,"V02Q1940323","19ABBB도봉구-0010","도봉구-0010",37.5819895874948,127.059977832261,"도봉구"
"272",580,"V02Q1940324","19ABBB도봉구-0009","도봉구-0009",37.5554759867534,126.95527830952,"도봉구"
"273",579,"V02Q1940325","19ADIM도봉구-0022","도봉구-0022",37.4850643947107,127.068019514869,"도봉구"
"274",578,"V02Q1940326","19ABBB은평구-0005","은평구-0005",37.6407907853398,126.792797212966,"은평구"
"275",577,"V02Q1940327","19ABBB광진구-0006","광진구-0006",37.620203477765,126.85537556425,"광진구"
"276",576,"V02Q1940328","19ABBB성북구-0019","성북구-0019",37.4795776207194,126.934371221339,"성북구"
"277",575,"V02Q1940329","19ABBB도봉구-0001","도봉구-0001",37.508945838625,126.937336039286,"도봉구"
"278",574,"V02Q1940330","19ABBB강북구-0001","강북구-0001",37.4470753704315,126.800247462596,"강북구"
"279",573,"V02Q1940331","19ACCC도봉구-0015","도봉구-0015",37.5620762355428,126.937812582971,"도봉구"
"280",572,"V02Q1940332","19ABBB은평구-0008","은평구-0008",37.5546956433009,127.066580095298,"은평구"
"281",571,"V02Q1940333","19ABBB은평구-0007","은평구-0007",37.5174870561935,127.046148123953,"은평구"
"282",570,"V02Q1940334","19ABBB도봉구-0003","도봉구-0003",37.5539811920901,127.121098899433,"도봉구"
"283",569,"V02Q1940335","19ACEE성북구-0023","성북구-0023",37.5622945936245,127.118507871417,"성북구"
"284",568,"V02Q1940336","19ABBB은평구-0003","은평구-0003",37.5518759258632,126.93561180738,"은평구"
"285",567,"V02Q1940337","19ABBB은평구-0016","은평구-0016",37.544617555534,126.986056843371,"은평구"
"286",566,"V02Q1940338","19ABBB도봉구-0005","도봉구-0005",37.5913084037271,127.001099066838,"도봉구"
"287",565,"V02Q1940339","19ABBB은평구-0001","은평구-0001",37.5368040491072,127.003474961705,"은평구"
"288",564,"V02Q1940340","19ACDD강북구-0015","강북구-0015",37.6079004469837,126.935457774184,"강북구"
"289",563,"V02Q1940341","19ABBB은평구-0009","은평구-0009",37.5021960223121,126.917406704507,"은평구"
"290",562,"V02Q1940342","19ABBB도봉구-0008","도봉구-0008",37.5274446406856,126.932520030022,"도봉구"
"291",561,"V02Q1940343","19ABBB은평구-0002","은평구-0002",37.6196461011006,127.048853550406,"은평구"
"292",560,"V02Q1940344","19ABBB성북구-0018","성북구-0018",37.4959747754839,126.979835972128,"성북구"
"293",559,"V02Q1940345","19ACDD도봉구-0016","도봉구-0016",37.519953482817,126.954489383387,"도봉구"
"294",558,"V02Q1940346","19BCFF강서구-0024","강서구-0024",37.5770325397452,127.017160572213,"강서구"
"295",557,"V02Q1940347","19ABBB은평구-0012","은평구-0012",37.5096735722241,127.00589459657,"은평구"
"296",556,"V02Q1940348","19ADHH서초구-0022","서초구-0022",37.5794887676108,127.126223461777,"서초구"
"297",555,"V02Q1940349","19ABBB강동구-0012","강동구-0012",37.5374649957814,127.060686596373,"강동구"
"298",554,"V02Q1940350","19ACEE강동구-0021","강동구-0021",37.5358322606371,127.023520238001,"강동구"
"299",553,"V02Q1940351","19ABBB성북구-0016","성북구-0016",37.4749250935917,126.809679876385,"성북구"
"300",552,"V02Q1940352","19ABBB강동구-0002","강동구-0002",37.5070337648501,127.063449923472,"강동구"
"301",551,"V02Q1940353","19ABBB강동구-0004","강동구-0004",37.5293842445976,126.859472552381,"강동구"
"302",550,"V02Q1940354","19ACDD강동구-0020","강동구-0020",37.6097756015093,126.982907893345,"강동구"
"303",549,"V02Q1940355","19ABBB강동구-0006","강동구-0006",37.5375342699984,127.09552238268,"강동구"
"304",548,"V02Q1940356","19ABBB동작구-0015","동작구-0015",37.6919222080616,126.933837954199,"동작구"
"305",547,"V02Q1940357","19ACCC동작구-0016","동작구-0016",37.5413081958142,127.020289213462,"동작구"
"306",546,"V02Q1940358","19ABBB은평구-0013","은평구-0013",37.6180838954067,126.990800226645,"은평구"
"307",545,"V02Q1940359","19ACCC강동구-0019","강동구-0019",37.5726673434174,127.059196789257,"강동구"
"308",544,"V02Q1940360","19ABBB강동구-0005","강동구-0005",37.6205617383876,127.003587734857,"강동구"
"309",543,"V02Q1940361","19ABBB성북구-0020","성북구-0020",37.487009600463,127.153391313276,"성북구"
"310",542,"V02Q1940362","19ACDD성북구-0022","성북구-0022",37.5031485621996,126.992601707263,"성북구"
"311",541,"V02Q1940363","19ABBB서대문구-0008","서대문구-0008",37.5187548261567,126.945253737998,"서대문구"
"312",540,"V02Q1940364","19ABBB양천구-0009","양천구-0009",37.6213868154095,126.809204965927,"양천구"
"313",539,"V02Q1940367","19ABJB성동구-0039","성동구-0039",37.5709734194725,126.982703067118,"성동구"
"314",538,"V02Q1940368","19ABBB서초구-0007","서초구-0007",37.5376769614943,127.076377356664,"서초구"
"315",537,"V02Q1940369","19ABBB금천구-0004","금천구-0004",37.5531154039687,127.003582264378,"금천구"
"316",536,"V02Q1940370","19ACEE은평구-0019","은평구-0019",37.5239941191637,126.978547620296,"은평구"
"317",535,"V02Q1940371","19ABBB광진구-0009","광진구-0009",37.5980063717344,127.025285745059,"광진구"
"318",534,"V02Q1940372","19ADHH강동구-0025","강동구-0025",37.5225448661543,127.005648083871,"강동구"
"319",533,"V02Q1940373","19ABBB은평구-0011","은평구-0011",37.5521428665843,126.983527466238,"은평구"
"320",532,"V02Q1940374","19ADHO금천구-0014","금천구-0014",37.4585245734808,126.929541201899,"금천구"
"321",531,"V02Q1940375","19ACDD동작구-0017","동작구-0017",37.5876223151968,127.11996451572,"동작구"
"322",530,"V02Q1940376","19ABBB강동구-0010","강동구-0010",37.5524364179982,126.946802133194,"강동구"
"323",529,"V02Q1940377","19ABBB은평구-0010","은평구-0010",37.5541478330683,127.096085931972,"은평구"
"324",528,"V02Q1940378","19ABBB강북구-0010","강북구-0010",37.5024299568811,126.97261234964,"강북구"
"325",527,"V02Q1940379","19ABBB성북구-0007","성북구-0007",37.5573175975455,127.091043248197,"성북구"
"326",526,"V02Q1940380","19ABBB서초구-0008","서초구-0008",37.6103319076289,126.954372345127,"서초구"
"327",525,"V02Q1940381","19ABBB성북구-0010","성북구-0010",37.5076467852814,127.098297417634,"성북구"
"328",524,"V02Q1940382","19ABBB동작구-0007","동작구-0007",37.547274825414,126.97556332445,"동작구"
"329",523,"V02Q1940383","19ABBB광진구-0013","광진구-0013",37.555158814623,127.024741995841,"광진구"
"330",522,"V02Q1940384","19ACEE동작구-0018","동작구-0018",37.5212708223428,127.000320575365,"동작구"
"331",521,"V02Q1940385","19ABBB서대문구-0003","서대문구-0003",37.5852074958953,127.042693120691,"서대문구"
"332",520,"V02Q1940386","19ABBB강북구-0008","강북구-0008",37.4715647126002,126.882016247621,"강북구"
"333",519,"V02Q1940387","19ACDD광진구-0017","광진구-0017",37.4811632585958,127.104847770208,"광진구"
"334",518,"V02Q1940388","19ABBB성북구-0011","성북구-0011",37.5780575917904,127.129222281193,"성북구"
"335",517,"V02Q1940389","19ABBB동작구-0014","동작구-0014",37.5189277797843,126.895416835554,"동작구"
"336",516,"V02Q1940390","19ADHH도봉구-0021","도봉구-0021",37.5873504614032,126.895494807679,"도봉구"
"337",515,"V02Q1940391","19ABBB광진구-0011","광진구-0011",37.5474962943412,127.020724215227,"광진구"
"338",514,"V02Q1940392","19ABBB광진구-0008","광진구-0008",37.4666100726802,127.040504884824,"광진구"
"339",513,"V02Q1940393","19ABBB광진구-0012","광진구-0012",37.6112821192585,126.863319809339,"광진구"
"340",512,"V02Q1940394","19ABBB강북구-0006","강북구-0006",37.5957606906461,127.041072570116,"강북구"
"341",511,"V02Q1940395","19ABBB양천구-0018","양천구-0018",37.5306802427709,126.928553886876,"양천구"
"342",510,"V02Q1940396","19ADHH서초구-0023","서초구-0023",37.5357078464779,126.800979097246,"서초구"
"343",509,"V02Q1940397","19ABBB동작구-0008","동작구-0008",37.5504155377037,126.81533963259,"동작구"
"344",508,"V02Q1940398","19ACEE서초구-0021","서초구-0021",37.4812286733929,126.969177217412,"서초구"
"345",507,"V02Q1940399","19ABBB서초구-0017","서초구-0017",37.5376044151948,126.949392686766,"서초구"
"346",506,"V02Q1940400","19ABBB서초구-0015","서초구-0015",37.5636527696269,126.826687440995,"서초구"
"347",505,"V02Q1940401","19ABBB성북구-0013","성북구-0013",37.5858380274393,126.845767247467,"성북구"
"348",504,"V02Q1940402","19ABBB서초구-0016","서초구-0016",37.5775447896507,127.045493087195,"서초구"
"349",503,"V02Q1940403","19ABBB광진구-0010","광진구-0010",37.5967628698532,126.926888676886,"광진구"
"350",502,"V02Q1940404","19ABBB도봉구-0013","도봉구-0013",37.4750581452277,126.968931086252,"도봉구"
"351",501,"V02Q1940405","19ADII금천구-0023","금천구-0023",37.5412184661501,126.914722107149,"금천구"
"352",500,"V02Q1940406","19ABBB성북구-0012","성북구-0012",37.5800513319487,126.958780678325,"성북구"
"353",499,"V02Q1940407","19ACCC금천구-0011","금천구-0011",37.6407734172498,126.882734086287,"금천구"
"354",498,"V02Q1940408","19ABBB강동구-0008","강동구-0008",37.4469355750042,126.853515712886,"강동구"
"355",497,"V02Q1940409","19ABBB강북구-0012","강북구-0012",37.5734491293747,127.133715701359,"강북구"
"356",496,"V02Q1940410","19ABBB강동구-0018","강동구-0018",37.5861611938567,126.997569256156,"강동구"
"357",495,"V02Q1940411","19ACCC광진구-0016","광진구-0016",37.585977174938,126.965151334231,"광진구"
"358",494,"V02Q1940412","19ABBB서대문구-0007","서대문구-0007",37.5653164093684,127.003322292707,"서대문구"
"359",493,"V02Q1940413","19ABBB양천구-0011","양천구-0011",37.4918755059692,126.937800869969,"양천구"
"360",492,"V02Q1940414","19ABBB강북구-0007","강북구-0007",37.5789149501066,126.903317011587,"강북구"
"361",491,"V02Q1940415","19ACCC성북구-0021","성북구-0021",37.5485016985483,127.039961554336,"성북구"
"362",490,"V02Q1940416","19ACEE광진구-0018","광진구-0018",37.4856088204313,126.877741110133,"광진구"
"363",489,"V02Q1940417","19ABBB강동구-0015","강동구-0015",37.4534615422308,126.864856878267,"강동구"
"364",488,"V02Q1940418","19ABBB성북구-0017","성북구-0017",37.4671929122179,127.117774204941,"성북구"
"365",487,"V02Q1940419","19ADIM성북구-0024","성북구-0024",37.5054473919264,126.958072259631,"성북구"
"366",486,"V02Q1940420","19ABBB동작구-0011","동작구-0011",37.4772724782789,127.006549026034,"동작구"
"367",485,"V02Q1940421","19ABBB강동구-0001","강동구-0001",37.5028202091237,127.005070647558,"강동구"
"368",484,"V02Q1940422","19ABBB서대문구-0013","서대문구-0013",37.5582864699738,127.128665345224,"서대문구"
"369",483,"V02Q1940423","19ACDD서초구-0020","서초구-0020",37.5321844660596,127.11467149443,"서초구"
"370",482,"V02Q1940424","19ACCC양천구-0019","양천구-0019",37.6030901068307,126.883035586448,"양천구"
"371",481,"V02Q1940425","19ABBB관악구-0001","관악구-0001",37.5592550516253,126.991496586862,"관악구"
"372",480,"V02Q1940426","19ABBB마포구-0007","마포구-0007",37.6035756710329,127.094409481594,"마포구"
"373",479,"V02Q1940427","19ABBB서초구-0018","서초구-0018",37.6032287008941,126.879500749457,"서초구"
"374",478,"V02Q1940428","19ABBB금천구-0001","금천구-0001",37.6025669867802,126.930963125276,"금천구"
"375",477,"V02Q1940429","19ABBB강북구-0009","강북구-0009",37.5635944763301,127.065583193888,"강북구"
"376",476,"V02Q1940430","19ABBB강동구-0014","강동구-0014",37.5872408489046,127.118456947239,"강동구"
"377",475,"V02Q1940431","19ABBB강북구-0005","강북구-0005",37.5211552308715,126.917297631348,"강북구"
"378",474,"V02Q1940432","19ABBB동작구-0013","동작구-0013",37.5502948166647,127.021510868917,"동작구"
"379",473,"V02Q1940433","19ADHJ서초구-0024","서초구-0024",37.5903844022172,126.885430849341,"서초구"
"380",472,"V02Q1940434","19ADIM강동구-0027","강동구-0027",37.5455795285309,126.88352017307,"강동구"
"381",471,"V02Q1940435","19ABBB은평구-0014","은평구-0014",37.5024308781731,127.151447181416,"은평구"
"382",470,"V02Q1940436","19ABBB중구-0003","중구-0003",37.5848107958593,126.986460739237,"중구"
"383",469,"V02Q1940437","19ABBB강동구-0009","강동구-0009",37.5257219392018,127.1167216607,"강동구"
"384",468,"V02Q1940438","19ADHK중구-0027","중구-0027",37.6549880275582,126.987182710471,"중구"
"385",467,"V02Q1940439","19ABJB마포구-0030","마포구-0030",37.5903008581024,127.021362155149,"마포구"
"386",466,"V02Q1940440","19ABBB관악구-0003","관악구-0003",37.5516891770222,126.976532116017,"관악구"
"387",465,"V02Q1940441","19ABJB성동구-0036","성동구-0036",37.5934499784735,126.9679583246,"성동구"
"388",464,"V02Q1940442","19ABJB마포구-0048","마포구-0048",37.50509579089,127.000886711792,"마포구"
"389",463,"V02Q1940443","19ABJB양천구-0031","양천구-0031",37.4765919735437,126.946755815877,"양천구"
"390",462,"V02Q1940444","19ABBB관악구-0015","관악구-0015",37.4884564306101,126.835209616164,"관악구"
"391",461,"V02Q1940445","19ABBB관악구-0018","관악구-0018",37.7056813436318,127.102782911786,"관악구"
"392",460,"V02Q1940446","19ACDD관약구-0023","관약구-0023",37.5617312281165,127.012938363154,"관악구"
"393",459,"V02Q1940447","19ABJB양천구-0050","양천구-0050",37.6825241435581,127.091794901122,"양천구"
"394",458,"V02Q1940448","19BCFF강북구-0019","강북구-0019",37.5204915306274,127.054255897918,"강북구"
"395",457,"V02Q1940449","19BCFF마포구-0023","마포구-0023",37.5117959377239,127.0217617104,"마포구"
"396",456,"V02Q1940450","19ABJB마포구-0061","마포구-0061",37.4453885421472,126.859501147448,"마포구"
"397",455,"V02Q1940451","19ABJB마포구-0029","마포구-0029",37.5445059741486,126.990300057518,"마포구"
"398",454,"V02Q1940452","19ABBB관악구-0008","관악구-0008",37.5166941907732,126.921399726984,"관악구"
"399",453,"V02Q1940453","19ABBB양천구-0012","양천구-0012",37.595204348763,126.956617675517,"양천구"
"400",452,"V02Q1940454","19ADII성동구-0023","성동구-0023",37.5086678657906,126.972995840851,"성동구"
"401",451,"V02Q1940455","19ADGG양천구-0029","양천구-0029",37.4992225262729,127.029183338922,"양천구"
"402",450,"V02Q1940456","19ABBB마포구-0012","마포구-0012",37.5282249041931,126.905533785988,"마포구"
"403",449,"V02Q1940457","19ADHH관약구-0027","관약구-0027",37.5287232423375,127.250513947493,"관악구"
"404",448,"V02Q1940458","19ABBB관악구-0010","관악구-0010",37.5730008498669,126.971659944543,"관악구"
"405",447,"V02Q1940459","19ABJB마포구-0059","마포구-0059",37.5398895971804,126.953908338585,"마포구"
"406",446,"V02Q1940460","19ABJB성동구-0038","성동구-0038",37.5525086907442,126.996046834552,"성동구"
"407",445,"V02Q1940461","19ABJB마포구-0041","마포구-0041",37.6296181758188,127.014853889112,"마포구"
"408",444,"V02Q1940462","19ADII관약구-0028","관약구-0028",37.5500716401996,127.163811780485,"관악구"
"409",443,"V02Q1940463","19ABBB서대문구-0004","서대문구-0004",37.4855312737884,126.975921174567,"서대문구"
"410",442,"V02Q1940464","19ABJB양천구-0051","양천구-0051",37.5766548705933,126.927078035793,"양천구"
"411",441,"V02Q1940465","19ABBB관악구-0021","관악구-0021",37.5495068949725,127.015021733015,"관악구"
"412",440,"V02Q1940466","19ABJB마포구-0033","마포구-0033",37.5645266616075,126.876146834126,"마포구"
"413",439,"V02Q1940467","19ABBB마포구-0006","마포구-0006",37.5328105979341,126.969620849592,"마포구"
"414",438,"V02Q1940468","19ACCC관약구-0022","관약구-0022",37.4461238700903,126.883679394605,"관악구"
"415",437,"V02Q1940469","19ABJB양천구-0052","양천구-0052",37.5729253431428,127.011855501582,"양천구"
"416",436,"V02Q1940470","19ABBB서대문구-0005","서대문구-0005",37.5839297753425,127.029391520956,"서대문구"
"417",435,"V02Q1940471","19ABJB마포구-0028","마포구-0028",37.5772432417063,126.965142185161,"마포구"
"418",434,"V02Q1940472","19ABBB양천구-0013","양천구-0013",37.4693491530386,126.948178890305,"양천구"
"419",433,"V02Q1940473","19ABBB성동구-0001","성동구-0001",37.5946423616193,127.213365503614,"성동구"
"420",432,"V02Q1940474","19ABBB금천구-0002","금천구-0002",37.4887072744018,126.951949114036,"금천구"
"421",431,"V02Q1940475","19ADIM은평구-0020","은평구-0020",37.4862472921875,126.959933256957,"은평구"
"422",430,"V02Q1940476","19ABBB은평구-0015","은평구-0015",37.5965679297412,126.788785381016,"은평구"
"423",429,"V02Q1940477","19ABBB강북구-0021","강북구-0021",37.5072259723376,126.887847018389,"강북구"
"424",428,"V02Q1940478","19ABBB강동구-0016","강동구-0016",37.4766153660138,126.801551905744,"강동구"
"425",427,"V02Q1940479","19ACEE금천구-0013","금천구-0013",37.523510172191,126.943960750008,"금천구"
"426",426,"V02Q1940480","19ADGG양천구-0030","양천구-0030",37.5464967788631,126.985854003605,"양천구"
"427",425,"V02Q1940481","19ABJB양천구-0069","양천구-0069",37.5859895023043,126.939149721396,"양천구"
"428",424,"V02Q1940482","19ABBB강동구-0007","강동구-0007",37.5256188842396,127.036901170143,"강동구"
"429",423,"V02Q1940483","19ABBB금천구-0003","금천구-0003",37.5890970639353,127.006984098124,"금천구"
"430",422,"V02Q1940484","19ABBB금천구-0005","금천구-0005",37.5262900749103,127.081076064282,"금천구"
"431",421,"V02Q1940485","19ACDD은평구-0018","은평구-0018",37.52578695914,126.954574386315,"은평구"
"432",420,"V02Q1940486","19ACDD금천구-0012","금천구-0012",37.5856533557664,127.090715430853,"금천구"
"433",419,"V02Q1940487","19ABBB서대문구-0012","서대문구-0012",37.5500966457775,127.149725479195,"서대문구"
"434",418,"V02Q1940488","19ADIM서대문구-0018","서대문구-0018",37.4666307306611,126.91408518228,"서대문구"
"435",417,"V02Q1940489","19ABJB양천구-0041","양천구-0041",37.5445828982327,127.134536670799,"양천구"
"436",416,"V02Q1940490","19ABJB마포구-0035","마포구-0035",37.5365450643029,126.934384063138,"마포구"
"437",415,"V02Q1940491","19ABJB성동구-0029","성동구-0029",37.5201228805455,127.050121902729,"성동구"
"438",414,"V02Q1940492","19ACDD양천구-0024","양천구-0024",37.5516279629245,127.20407946471,"양천구"
"439",413,"V02Q1940493","19ABJB관악구-0030","관악구-0030",37.4330970359259,126.932785807185,"관악구"
"440",412,"V02Q1940494","19ABBB서대문구-0009","서대문구-0009",37.5567225101676,127.10669818515,"서대문구"
"441",411,"V02Q1940495","19ADHH금천구-0022","금천구-0022",37.5426244627938,127.189367161125,"금천구"
"442",410,"V02Q1940496","19ABJB성동구-0052","성동구-0052",37.5053080533025,127.104850480931,"성동구"
"443",409,"V02Q1940497","19ABJB마포구-0056","마포구-0056",37.5107201732102,127.026925779453,"마포구"
"444",408,"V02Q1940498","19ADII중구-0021","중구-0021",37.5356669394774,126.940666049119,"중구"
"445",407,"V02Q1940499","19ACCC종로구-0006","종로구-0006",37.5896327663778,126.996514471053,"종로구"
"446",406,"V02Q1940500","19ABBB중구-0014","중구-0014",37.6642565109751,127.087859568245,"중구"
"447",405,"V02Q1940501","19ABJB성동구-0059","성동구-0059",37.5800647274082,126.894151346279,"성동구"
"448",404,"V02Q1940502","19ABBB성동구-0006","성동구-0006",37.5922755166788,126.894792591688,"성동구"
"449",403,"V02Q1940503","19ABBB성동구-0010","성동구-0010",37.5306456619804,127.079399099388,"성동구"
"450",402,"V02Q1940504","19ABBB성동구-0017","성동구-0017",37.511991628814,126.958608365617,"성동구"
"451",401,"V02Q1940505","19ABBB강동구-0017","강동구-0017",37.5978084925428,126.904400104697,"강동구"
"452",400,"V02Q1940506","19ABBB광진구-0021","광진구-0021",37.5751461566852,126.941462861714,"광진구"
"453",399,"V02Q1940507","19ABBB강동구-0013","강동구-0013",37.4966102983212,127.046732123342,"강동구"
"454",398,"V02Q1940508","19ABBB중구-0010","중구-0010",37.5250099789664,126.957067129092,"중구"
"455",397,"V02Q1940509","19ABBB서대문구-0010","서대문구-0010",37.544209250931,126.991497091935,"서대문구"
"456",396,"V02Q1940510","19ABJB관악구-0057","관악구-0057",37.5856915089735,126.994500628841,"관악구"
"457",395,"V02Q1940511","19ABJB성동구-0054","성동구-0054",37.6338874007689,126.8827433601,"성동구"
"458",394,"V02Q1940512","19ABBB관악구-0017","관악구-0017",37.6190317541082,127.054373296125,"관악구"
"459",393,"V02Q1940513","19ABBB송파구-0006","송파구-0006",37.5715779137353,126.935189812506,"송파구"
"460",392,"V02Q1940514","19ABBB서대문구-0011","서대문구-0011",37.4640330599256,127.044770113228,"서대문구"
"461",391,"V02Q1940515","19BCFF구로구-0023","구로구-0023",37.5886586969308,126.99179249427,"구로구"
"462",390,"V02Q1940516","19ABBB서대문구-0006","서대문구-0006",37.5410855628427,126.961921324355,"서대문구"
"463",389,"V02Q1940517","19BCFF관약구-0025","관약구-0025",37.6734295936007,126.905869194443,"관악구"
"464",388,"V02Q1940518","19ABBB서초구-0009","서초구-0009",37.565008382068,126.929265413789,"서초구"
"465",387,"V02Q1940519","19ABBB마포구-0008","마포구-0008",37.4687107542007,127.079397856832,"마포구"
"466",386,"V02Q1940520","19ABBB서대문구-0002","서대문구-0002",37.5663195083764,127.045128880867,"서대문구"
"467",385,"V02Q1940521","19ACEE마포구-0019","마포구-0019",37.6017646614435,126.954470919057,"마포구"
"468",384,"V02Q1940522","19ABBB종로구-0005","종로구-0005",37.4409082709283,126.927218905937,"종로구"
"469",383,"V02Q1940523","19ABBB용산구-0002","용산구-0002",37.6207128756288,126.908803006701,"용산구"
"470",382,"V02Q1940524","19ABBB용산구-0016","용산구-0016",37.5553451958424,127.131491550335,"용산구"
"471",381,"V02Q1940525","19ABBB용산구-0013","용산구-0013",37.516735345615,126.975283566595,"용산구"
"472",380,"V02Q1940526","19ABBB성동구-0003","성동구-0003",37.4995853997071,126.882646215146,"성동구"
"473",379,"V02Q1940527","19ABBB중구-0015","중구-0015",37.5499475748712,127.077544494605,"중구"
"474",378,"V02Q1940528","19ABJB마포구-0031","마포구-0031",37.553428261437,126.910010009649,"마포구"
"475",377,"V02Q1940529","19ACCC중구-0017","중구-0017",37.5294009755685,126.971122186161,"중구"
"476",376,"V02Q1940530","19ABJB성동구-0062","성동구-0062",37.5098680211631,126.987709001559,"성동구"
"477",375,"V02Q1940531","19ACDD마포구-0018","마포구-0018",37.5212476134727,126.884674178948,"마포구"
"478",374,"V02Q1940532","19ABBB관악구-0011","관악구-0011",37.5671043002847,126.972869301974,"관악구"
"479",373,"V02Q1940533","19ABBB관악구-0006","관악구-0006",37.5186223896378,126.887114411412,"관악구"
"480",372,"V02Q1940534","19ABJB마포구-0036","마포구-0036",37.5519048012015,127.016376925624,"마포구"
"481",371,"V02Q1940535","19ABJB마포구-0060","마포구-0060",37.5957942312744,127.047956828,"마포구"
"482",370,"V02Q1940536","19ABBB중구-0001","중구-0001",37.5835619332823,126.933466032257,"중구"
"483",369,"V02Q1940537","19ABJB관악구-0043","관악구-0043",37.629196986693,127.046099440887,"관악구"
"484",368,"V02Q1940538","19ABBB관악구-0004","관악구-0004",37.461663568447,126.914530253996,"관악구"
"485",367,"V02Q1940539","19ABBB종로구-0002","종로구-0002",37.6593519805436,126.989972875618,"종로구"
"486",366,"V02Q1940540","19ABBB중구-0013","중구-0013",37.5728815611157,127.038922512451,"중구"
"487",365,"V02Q1940541","19ABBB중구-0004","중구-0004",37.526312014768,127.200801271238,"중구"
"488",364,"V02Q1940542","19ABJB마포구-0034","마포구-0034",37.5041279504366,127.039146885121,"마포구"
"489",363,"V02Q1940543","19ACDD서대문구-0016","서대문구-0016",37.5371446247422,126.961073858335,"서대문구"
"490",362,"V02Q1940544","19ADHK중구-0025","중구-0025",37.5507726007669,127.017464395184,"중구"
"491",361,"V02Q1940545","19ABBB성동구-0007","성동구-0007",37.5556909835142,127.073872786442,"성동구"
"492",360,"V02Q1940546","19ABBB중구-0005","중구-0005",37.5104824196123,127.036927013,"중구"
"493",359,"V02Q1940547","19ABJB관악구-0033","관악구-0033",37.5687920908137,127.10291506573,"관악구"
"494",358,"V02Q1940548","19ABJB관악구-0029","관악구-0029",37.5937932860311,126.909956334059,"관악구"
"495",357,"V02Q1940549","19ABJB관악구-0035","관악구-0035",37.4740721451176,126.858046099882,"관악구"
"496",356,"V02Q1940550","19ABJB관악구-0054","관악구-0054",37.4977627335112,127.02738084214,"관악구"
"497",355,"V02Q1940551","19ABBB서대문구-0014","서대문구-0014",37.5004592552172,126.974820889286,"서대문구"
"498",354,"V02Q1940552","19ABBB관악구-0014","관악구-0014",37.5798974312938,126.974791494133,"관악구"
"499",353,"V02Q1940553","19ABBB중구-0012","중구-0012",37.4788325125972,126.981485494935,"중구"
"500",352,"V02Q1940554","19ADHK중구-0024","중구-0024",37.553143714359,126.871397861744,"중구"
"501",351,"V02Q1940555","19ABJB관악구-0058","관악구-0058",37.5751537984278,126.957043790369,"관악구"
"502",350,"V02Q1940556","19ABBB성동구-0008","성동구-0008",37.5559250072945,126.986018897174,"성동구"
"503",349,"V02Q1940557","19ABBB관악구-0016","관악구-0016",37.541532121663,126.906927782611,"관악구"
"504",348,"V02Q1940558","19ABJB관악구-0032","관악구-0032",37.6213427586648,126.770684228236,"관악구"
"505",347,"V02Q1940559","19ACDD용산구-0018","용산구-0018",37.5613167023113,126.871047650012,"용산구"
"506",346,"V02Q1940560","19ABJB관악구-0064","관악구-0064",37.4823367107694,126.957424260714,"관악구"
"507",345,"V02Q1940561","19ABBB관악구-0002","관악구-0002",37.5560428214757,127.039382980661,"관악구"
"508",344,"V02Q1940562","19ABBB중구-0008","중구-0008",37.5421547625044,127.086928135715,"중구"
"509",343,"V02Q1940563","19ABBB성동구-0013","성동구-0013",37.5619024955424,127.224817002142,"성동구"
"510",342,"V02Q1940564","19ABBB중구-0009","중구-0009",37.5035032940314,126.855272196519,"중구"
"511",341,"V02Q1940565","19ABJB성동구-0058","성동구-0058",37.5305060240714,127.003423405819,"성동구"
"512",340,"V02Q1940566","19ADHH중구-0020","중구-0020",37.6735640925956,126.900806566846,"중구"
"513",339,"V02Q1940567","19ADHK중구-0028","중구-0028",37.5376545387338,126.95818902787,"중구"
"514",338,"V02Q1940568","19ABBB중구-0006","중구-0006",37.5694771545489,127.081664286822,"중구"
"515",337,"V02Q1940569","19ABBB서대문구-0001","서대문구-0001",37.5455642436809,127.014030179188,"서대문구"
"516",336,"V02Q1940570","19ABBB중구-0002","중구-0002",37.5426065540398,126.973952544124,"중구"
"517",335,"V02Q1940571","19ABBB용산구-0001","용산구-0001",37.5224061845944,126.900632125583,"용산구"
"518",334,"V02Q1940572","19ABBB용산구-0007","용산구-0007",37.517169917183,126.993548287185,"용산구"
"519",333,"V02Q1940573","19ACEE중구-0019","중구-0019",37.5577880183329,126.833699966424,"중구"
"520",332,"V02Q1940574","19ABBB용산구-0005","용산구-0005",37.5766398719235,126.982203933987,"용산구"
"521",331,"V02Q1940575","19ABJB성동구-0049","성동구-0049",37.5507795888486,127.010094706774,"성동구"
"522",330,"V02Q1940576","19ABJB마포구-0063","마포구-0063",37.4138603661686,127.098402815543,"마포구"
"523",329,"V02Q1940577","19ABBB용산구-0015","용산구-0015",37.525957599898,127.111200358441,"용산구"
"524",328,"V02Q1940578","19ADHO용산구-0022","용산구-0022",37.515891246985,126.971888238541,"용산구"
"525",327,"V02Q1940579","19ABJB마포구-0055","마포구-0055",37.5796328590958,126.931111685339,"마포구"
"526",326,"V02Q1940580","19ABJB성동구-0056","성동구-0056",37.5599485347876,126.914736148139,"성동구"
"527",325,"V02Q1940581","19ABJB마포구-0026","마포구-0026",37.5607023191033,126.820506710807,"마포구"
"528",324,"V02Q1940582","19ADIM성동구-0024","성동구-0024",37.6245139317279,126.990929563115,"성동구"
"529",323,"V02Q1940583","19ABJB마포구-0054","마포구-0054",37.6977604862415,126.952103186153,"마포구"
"530",322,"V02Q1940584","19ABBB용산구-0014","용산구-0014",37.5155952950307,126.915915726848,"용산구"
"531",321,"V02Q1940585","19ACCC서대문구-0015","서대문구-0015",37.5698458414098,126.829669410991,"서대문구"
"532",320,"V02Q1940586","19ADHH마포구-0022","마포구-0022",37.51109920499,126.992403893112,"마포구"
"533",319,"V02Q1940587","19ABJB성동구-0031","성동구-0031",37.6314755410187,126.852879584918,"성동구"
"534",318,"V02Q1940588","19ABJB성동구-0034","성동구-0034",37.5337350673866,126.985445186272,"성동구"
"535",317,"V02Q1940589","19ABJB관악구-0045","관악구-0045",37.499528424528,127.0284306539,"관악구"
"536",316,"V02Q1940590","19ABBB성동구-0005","성동구-0005",37.5727708213235,126.989957785552,"성동구"
"537",315,"V02Q1940591","19ABJB관악구-0063","관악구-0063",37.563162453723,126.967254362067,"관악구"
"538",314,"V02Q1940592","19ACEE서대문구-0017","서대문구-0017",37.3973059339071,127.057860166034,"서대문구"
"539",313,"V02Q1940593","19ABBB마포구-0004","마포구-0004",37.5367805365623,127.014152824096,"마포구"
"540",312,"V02Q1940594","19ABBB성동구-0009","성동구-0009",37.566284329277,127.041028734232,"성동구"
"541",311,"V02Q1940595","19ABBB용산구-0006","용산구-0006",37.5042418360606,126.941946621653,"용산구"
"542",310,"V02Q1940596","19ACDD중구-0018","중구-0018",37.6293933016135,127.011236637617,"중구"
"543",309,"V02Q1940597","19ADHK중구-0023","중구-0023",37.5822132325689,126.967700727707,"중구"
"544",308,"V02Q1940598","19ABBB중구-0007","중구-0007",37.5620619113513,127.001694756492,"중구"
"545",307,"V02Q1940599","19ABBB중구-0011","중구-0011",37.5184217271102,126.915515260059,"중구"
"546",306,"V02Q1940600","19ABBB용산구-0008","용산구-0008",37.5592075840109,126.960477458687,"용산구"
"547",305,"V02Q1940601","19ABJB성동구-0035","성동구-0035",37.558616870542,126.917981243884,"성동구"
"548",304,"V02Q1940602","19ADHK중구-0029","중구-0029",37.5505191459414,127.040547830375,"중구"
"549",303,"V02Q1940603","19ABBB성동구-0014","성동구-0014",37.5184295608614,126.928342847024,"성동구"
"550",302,"V02Q1940604","19ADHK중구-0022","중구-0022",37.5845215725945,127.073197797802,"중구"
"551",301,"V02Q1940605","19ABBB마포구-0005","마포구-0005",37.4653098260362,127.021373691041,"마포구"
"552",300,"V02Q1940606","19ABJB마포구-0040","마포구-0040",37.5674476348106,126.921658418531,"마포구"
"553",299,"V02Q1940607","19ACCC성동구-0018","성동구-0018",37.5031086387679,126.797304537536,"성동구"
"554",298,"V02Q1940608","19ADIM중구-0030","중구-0030",37.5939825206289,127.141355669025,"중구"
"555",297,"V02Q1940609","19ABJB마포구-0065","마포구-0065",37.6390363235757,126.899470013369,"마포구"
"556",296,"V02Q1940610","19ABJB마포구-0042","마포구-0042",37.5635057047414,126.747518791159,"마포구"
"557",295,"V02Q1940611","19ABJB마포구-0052","마포구-0052",37.5317623307834,127.006824847344,"마포구"
"558",1,"V02Q1940612","19ABBB마포구-0003","마포구-0003",37.5430754384835,126.858562171991,"마포구"
"559",294,"V02Q1940613","19ABBB마포구-0001","마포구-0001",37.5907876472106,126.939032104796,"마포구"
"560",293,"V02Q1940614","19ABJB양천구-0035","양천구-0035",37.5340825427316,126.85877304075,"양천구"
"561",292,"V02Q1940615","19ACEE성동구-0020","성동구-0020",37.5250010680072,126.985835953589,"성동구"
"562",291,"V02Q1940616","19ABBB성동구-0012","성동구-0012",37.577454377347,126.926337748048,"성동구"
"563",290,"V02Q1940617","19ABBB성동구-0011","성동구-0011",37.5104616361861,126.854377700641,"성동구"
"564",289,"V02Q1940618","19ABJB마포구-0062","마포구-0062",37.5764195686092,126.880017203389,"마포구"
"565",288,"V02Q1940619","19ABJB마포구-0064","마포구-0064",37.5493792433172,126.992915848149,"마포구"
"566",287,"V02Q1940620","19ABJB마포구-0037","마포구-0037",37.6123195005094,127.097676461304,"마포구"
"567",286,"V02Q1940621","19ABJB마포구-0058","마포구-0058",37.4547457101146,126.934932420796,"마포구"
"568",285,"V02Q1940622","19ADGG마포구-0020","마포구-0020",37.5160747454859,127.010279001077,"마포구"
"569",284,"V02Q1940623","19ABJB성동구-0030","성동구-0030",37.5663784058459,126.839477877549,"성동구"
"570",283,"V02Q1940624","19ABJB마포구-0051","마포구-0051",37.5882495920997,126.960833838655,"마포구"
"571",282,"V02Q1940625","19ABBB관악구-0020","관악구-0020",37.5702544348022,127.069452905257,"관악구"
"572",281,"V02Q1940626","19ABJB마포구-0046","마포구-0046",37.5017941915399,126.949980383614,"마포구"
"573",280,"V02Q1940627","19ABJB성동구-0046","성동구-0046",37.5158593594827,127.083744220516,"성동구"
"574",279,"V02Q1940628","19ACDD성동구-0019","성동구-0019",37.5760381573008,126.910399683237,"성동구"
"575",278,"V02Q1940629","19ABBB마포구-0009","마포구-0009",37.5831838673859,127.004056977701,"마포구"
"576",277,"V02Q1940630","19ADHO용산구-0020","용산구-0020",37.5187976948321,126.781132840757,"용산구"
"577",276,"V02Q1940631","19ABJB마포구-0043","마포구-0043",37.5210354802316,127.025937403011,"마포구"
"578",275,"V02Q1940632","19ABJB성동구-0055","성동구-0055",37.5312352150195,126.89693231121,"성동구"
"579",274,"V02Q1940633","19ABJB관악구-0044","관악구-0044",37.5074982832098,127.044002129534,"관악구"
"580",273,"V02Q1940634","19ABJB마포구-0039","마포구-0039",37.6242060803883,127.043427712369,"마포구"
"581",272,"V02Q1940635","19ABBB마포구-0002","마포구-0002",37.4924294435049,126.965992924084,"마포구"
"582",271,"V02Q1940636","19ABBB성동구-0002","성동구-0002",37.499345546308,126.944672141744,"성동구"
"583",270,"V02Q1940637","19ABBB용산구-0011","용산구-0011",37.6243083835589,126.944551136787,"용산구"
"584",269,"V02Q1940638","19ABBB마포구-0013","마포구-0013",37.5652335554281,127.060258691738,"마포구"
"585",268,"V02Q1940639","19ABBB성동구-0015","성동구-0015",37.5464320697785,127.168760175589,"성동구"
"586",267,"V02Q1940640","19ACCC마포구-0017","마포구-0017",37.575179183739,127.052371469362,"마포구"
"587",266,"V02Q1940641","19ABBB금천구-0010","금천구-0010",37.5658642118958,127.04805369454,"금천구"
"588",265,"V02Q1940642","19ADGG성동구-0021","성동구-0021",37.6246805090239,126.945050480972,"성동구"
"589",264,"V02Q1940643","19ABJB마포구-0038","마포구-0038",37.5560000845139,126.995063993481,"마포구"
"590",263,"V02Q1940644","19ABBB성동구-0016","성동구-0016",37.5219282441531,127.135241111766,"성동구"
"591",262,"V02Q1940645","19ABJB관악구-0053","관악구-0053",37.5486190276964,126.885465208382,"관악구"
"592",261,"V02Q1940646","19ABJB마포구-0057","마포구-0057",37.4565765809961,126.896484098196,"마포구"
"593",260,"V02Q1940647","19ABBB마포구-0014","마포구-0014",37.5997476066501,126.874800345695,"마포구"
"594",259,"V02Q1940648","19ABBB용산구-0009","용산구-0009",37.5246769191185,126.945793396689,"용산구"
"595",258,"V02Q1940649","19ABBB종로구-0009","종로구-0009",37.5133001382494,127.053760357711,"종로구"
"596",257,"V02Q1940650","19ABBB마포구-0011","마포구-0011",37.5704995679533,127.037849268629,"마포구"
"597",256,"V02Q1940651","19ABBB용산구-0004","용산구-0004",37.5527096043137,126.933360156781,"용산구"
"598",255,"V02Q1940652","19ABJB관악구-0062","관악구-0062",37.5368960630918,126.849857006987,"관악구"
"599",254,"V02Q1940653","19ABJB마포구-0047","마포구-0047",37.5812832447878,127.008052470469,"마포구"
"600",253,"V02Q1940654","19ADGG양천구-0021","양천구-0021",37.6219004468763,127.008411781605,"양천구"
"601",252,"V02Q1940655","19ABBB종로구-0001","종로구-0001",37.5327088841669,126.989263882503,"종로구"
"602",251,"V02Q1940656","19BCFF금천구-0018","금천구-0018",37.5229489365725,126.946835538571,"금천구"
"603",250,"V02Q1940657","19ABBB관악구-0019","관악구-0019",37.5144029164332,126.925981202574,"관악구"
"604",249,"V02Q1940658","19BCFF관약구-0026","관약구-0026",37.4904429275152,126.985514783201,"관악구"
"605",248,"V02Q1940659","19ABJB양천구-0064","양천구-0064",37.5353351798515,127.027057504023,"양천구"
"606",247,"V02Q1940660","19ABJB관악구-0059","관악구-0059",37.6978732647555,127.3096722983,"관악구"
"607",246,"V02Q1940661","19ABBB마포구-0015","마포구-0015",37.5102986148841,126.932218731274,"마포구"
"608",245,"V02Q1940662","19ABJB관악구-0067","관악구-0067",37.5370661373416,126.968267634759,"관악구"
"609",244,"V02Q1940663","19ABBB관악구-0013","관악구-0013",37.5980450517894,127.071490000807,"관악구"
"610",243,"V02Q1940664","19ADHO용산구-0021","용산구-0021",37.5790427057008,126.980106029245,"용산구"
"611",242,"V02Q1940665","19BCFF도봉구-0023","도봉구-0023",37.5721483912861,127.000992542204,"도봉구"
"612",241,"V02Q1940666","19ABJB관악구-0060","관악구-0060",37.5643509868518,126.996900733418,"관악구"
"613",240,"V02Q1940667","19ABJB관악구-0047","관악구-0047",37.5095341182496,126.915983656003,"관악구"
"614",239,"V02Q1940668","19ACEE용산구-0019","용산구-0019",37.519371984157,126.896664077397,"용산구"
"615",238,"V02Q1940669","19ABJB관악구-0042","관악구-0042",37.5819940846462,127.103358131165,"관악구"
"616",237,"V02Q1940670","19ADII성동구-0022","성동구-0022",37.6107789470413,126.914619490717,"성동구"
"617",236,"V02Q1940671","19ABJB관악구-0038","관악구-0038",37.5356067067561,126.929242937274,"관악구"
"618",235,"V02Q1940672","19ABJB관악구-0034","관악구-0034",37.5500526730816,126.941692353536,"관악구"
"619",234,"V02Q1940673","19ABJB관악구-0055","관악구-0055",37.5345712832416,127.094678145128,"관악구"
"620",233,"V02Q1940674","19ABBB관악구-0005","관악구-0005",37.5041367493813,127.086551814682,"관악구"
"621",232,"V02Q1940675","19ABJB관악구-0065","관악구-0065",37.5914692849377,126.919255426291,"관악구"
"622",231,"V02Q1940676","19ABJB관악구-0050","관악구-0050",37.6103583963806,126.943166513373,"관악구"
"623",230,"V02Q1940677","19ABJB관악구-0056","관악구-0056",37.5741504059961,127.048541028844,"관악구"
"624",229,"V02Q1940678","19ABJB관악구-0040","관악구-0040",37.50505021016,126.974842126821,"관악구"
"625",228,"V02Q1940679","19ABBB송파구-0003","송파구-0003",37.5459555987586,126.970351324258,"송파구"
"626",227,"V02Q1940680","19ABJB관악구-0046","관악구-0046",37.5113363142924,126.984422691924,"관악구"
"627",226,"V02Q1940681","19ABJB관악구-0041","관악구-0041",37.4589079352639,126.878205854821,"관악구"
"628",225,"V02Q1940682","19ABJB관악구-0051","관악구-0051",37.5304643616552,127.030204232605,"관악구"
"629",224,"V02Q1940683","19ABBB관악구-0012","관악구-0012",37.5560171159009,126.969800653569,"관악구"
"630",223,"V02Q1940684","19ABJB마포구-0053","마포구-0053",37.5447554912855,126.859019132295,"마포구"
"631",222,"V02Q1940685","19ABJB관악구-0061","관악구-0061",37.475333073105,126.915760954065,"관악구"
"632",221,"V02Q1940686","19ABBB용산구-0010","용산구-0010",37.4936048419027,127.127455881155,"용산구"
"633",220,"V02Q1940687","19ABBB종로구-0028","종로구-0028",37.5536176373171,126.930112417945,"종로구"
"634",219,"V02Q1940688","19ABJB마포구-0049","마포구-0049",37.5705877461173,126.979575785195,"마포구"
"635",218,"V02Q1940689","19ABJB관악구-0037","관악구-0037",37.5155058803211,126.938360010759,"관악구"
"636",217,"V02Q1940690","19ADHO금천구-0016","금천구-0016",37.5526214894329,126.955773962823,"금천구"
"637",216,"V02Q1940691","19ABJB관악구-0068","관악구-0068",37.5346859418661,127.032910251285,"관악구"
"638",215,"V02Q1940692","19ABJB관악구-0066","관악구-0066",37.4693645677392,127.03460276942,"관악구"
"639",214,"V02Q1940693","19ADHO금천구-0015","금천구-0015",37.5323702754723,126.848332763655,"금천구"
"640",213,"V02Q1940694","19ABJB관악구-0031","관악구-0031",37.5394307918639,126.971295308622,"관악구"
"641",212,"V02Q1940695","19ABBB종로구-0007","종로구-0007",37.5914199337669,126.792453979277,"종로구"
"642",211,"V02Q1940696","19ABBB마포구-0010","마포구-0010",37.5667419722167,126.931746372312,"마포구"
"643",210,"V02Q1940697","19ADGG마포구-0021","마포구-0021",37.5306905132415,126.927391769955,"마포구"
"644",209,"V02Q1940698","19ABBB용산구-0012","용산구-0012",37.5343273670669,126.852806041676,"용산구"
"645",208,"V02Q1940699","19ABBB금천구-0007","금천구-0007",37.5607326320471,126.907959876732,"금천구"
"646",207,"V02Q1940700","19ABBB마포구-0016","마포구-0016",37.5964033939838,126.924891784795,"마포구"
"647",206,"V02Q1940701","19ABJB관악구-0049","관악구-0049",37.5798046854772,127.140013727969,"관악구"
"648",205,"V02Q1940702","19ABBB금천구-0006","금천구-0006",37.4686116930677,126.89458456643,"금천구"
"649",204,"V02Q1940703","19ABJB관악구-0048","관악구-0048",37.6148988840888,126.910707891906,"관악구"
"650",203,"V02Q1940704","19ABJB관악구-0036","관악구-0036",37.5430672078943,127.000279972871,"관악구"
"651",202,"V02Q1940705","19ABJB양천구-0045","양천구-0045",37.5739343585036,126.841678126837,"양천구"
"652",201,"V02Q1940706","19ABBB송파구-0015","송파구-0015",37.606136441257,127.012749725253,"송파구"
"653",200,"V02Q1940707","19ABJB양천구-0059","양천구-0059",37.5057747738732,126.829615356235,"양천구"
"654",199,"V02Q1940708","19ABBB송파구-0017","송파구-0017",37.5363508185248,126.899326573576,"송파구"
"655",198,"V02Q1940709","19ABJB성동구-0060","성동구-0060",37.5267021437536,127.033910521116,"성동구"
"656",197,"V02Q1940710","19ABBB종로구-0011","종로구-0011",37.5202847421204,127.071826452723,"종로구"
"657",196,"V02Q1940711","19BCFF마포구-0024","마포구-0024",37.5688637405452,127.048005449488,"마포구"
"658",195,"V02Q1940712","19BBB강북구-0020","대기측정소-0015",37.5504093050988,126.991557491872,"대기측정소"
"659",194,"V02Q1940713","19ACEE송파구-0030","송파구-0030",37.5337080581426,127.134596276654,"송파구"
"660",193,"V02Q1940714","19ACDD송파구-0029","송파구-0029",37.6471831869898,126.936844421792,"송파구"
"661",192,"V02Q1940715","19ABJB양천구-0061","양천구-0061",37.5174330200433,127.01742973474,"양천구"
"662",191,"V02Q1940716","19ABBB종로구-0008","종로구-0008",37.5547647402432,126.940959661058,"종로구"
"663",190,"V02Q1940717","19ABBB송파구-0009","송파구-0009",37.5959057898941,126.844222539548,"송파구"
"664",189,"V02Q1940718","19ABBB종로구-0031","종로구-0031",37.4929044540482,127.020091209143,"종로구"
"665",188,"V02Q1940719","19ABBB종로구-0013","종로구-0013",37.5087853483776,126.939139980709,"종로구"
"666",187,"V02Q1940720","19ABBB종로구-0016","종로구-0016",37.6325012220126,126.937610033103,"종로구"
"667",186,"V02Q1940721","19ABBB종로구-0004","종로구-0004",37.62620535693,127.001785641032,"종로구"
"668",185,"V02Q1940722","19ABJB마포구-0050","마포구-0050",37.4918980925366,126.931142919566,"마포구"
"669",184,"V02Q1940723","19ABJB마포구-0044","마포구-0044",37.4732081078633,126.938099695944,"마포구"
"670",183,"V02Q1940724","19BCFF강남구-0026","강남구-0026",37.5457507454076,127.04450805217,"강남구"
"671",182,"V02Q1940725","19ABJB관악구-0039","관악구-0039",37.582745792835,126.984651284512,"관악구"
"672",181,"V02Q1940726","19ABBB용산구-0003","용산구-0003",37.4576172460868,126.941518797873,"용산구"
"673",180,"V02Q1940727","19BCFF중랑구-0019","중랑구-0019",37.5393137601053,126.909103781765,"중랑구"
"674",179,"V02Q1940728","19ABJB마포구-0032","마포구-0032",37.564811376853,126.961134439322,"마포구"
"675",178,"V02Q1940729","19ABJB양천구-0063","양천구-0063",37.4832388580992,126.994087336073,"양천구"
"676",177,"V02Q1940730","19ABBB금천구-0008","금천구-0008",37.5207608464274,127.000301637415,"금천구"
"677",176,"V02Q1940731","19ACCC용산구-0017","용산구-0017",37.5523030743291,126.969791304756,"용산구"
"678",175,"V02Q1940732","19ADHH양천구-0022","양천구-0022",37.4826689565612,127.099071259499,"양천구"
"679",174,"V02Q1940733","19ABJB성동구-0051","성동구-0051",37.4942637814609,126.943107030336,"성동구"
"680",173,"V02Q1940734","19ABBB송파구-0004","송파구-0004",37.5700393646011,126.919651836878,"송파구"
"681",172,"V02Q1940735","19ABJB성동구-0027","성동구-0027",37.5037741385426,127.002508079383,"성동구"
"682",171,"V02Q1940736","19ABBB송파구-0023","송파구-0023",37.4723824877314,126.964850476224,"송파구"
"683",170,"V02Q1940737","19ABBB종로구-0003","종로구-0003",37.4855940913719,127.064208901641,"종로구"
"684",169,"V02Q1940738","19ABJB성동구-0037","성동구-0037",37.5878627119169,126.917624485799,"성동구"
"685",168,"V02Q1940739","19ABJB성동구-0032","성동구-0032",37.5613378247727,126.95823840505,"성동구"
"686",167,"V02Q1940740","19ABJB양천구-0046","양천구-0046",37.4164258045052,126.917293392907,"양천구"
"687",166,"V02Q1940741","19ABJB양천구-0037","양천구-0037",37.5825201072844,127.169908908346,"양천구"
"688",165,"V02Q1940742","19ABBB송파구-0001","송파구-0001",37.5157327720947,126.899084654735,"송파구"
"689",164,"V02Q1940743","19ABJB성동구-0063","성동구-0063",37.5871656337602,127.106991088097,"성동구"
"690",163,"V02Q1940744","19ABJB성동구-0053","성동구-0053",37.5244536335259,127.029059344267,"성동구"
"691",162,"V02Q1940745","19ACCC송파구-0028","송파구-0028",37.5231067774309,127.011200244376,"송파구"
"692",161,"V02Q1940746","19BCFF강북구-0018","강북구-0018",37.4401984383202,127.045486515234,"강북구"
"693",160,"V02Q1940747","19BCFF동작구-0021","동작구-0021",37.4794455730531,126.977596400361,"동작구"
"694",159,"V02Q1940748","19ABJB성동구-0064","성동구-0064",37.5219067729704,127.071118925408,"성동구"
"695",158,"V02Q1940749","19ABJB양천구-0044","양천구-0044",37.4271377347165,127.10553038894,"양천구"
"696",157,"V02Q1940750","19ABBB양천구-0014","양천구-0014",37.5931911001452,127.026123848614,"양천구"
"697",156,"V02Q1940751","19BBB구로구-0027","대기측정소-0001",37.5831106716183,126.938087309205,"대기측정소"
"698",155,"V02Q1940752","19ABBB도봉구-0026","대기측정소-0017",37.5726451008628,127.080647773213,"대기측정소"
"699",154,"V02Q1940753","19ABJB성동구-0047","성동구-0047",37.4800419817109,126.955619207868,"성동구"
"700",153,"V02Q1940754","19ABJB양천구-0048","양천구-0048",37.569251472618,126.961224023941,"양천구"
"701",152,"V02Q1940755","19ABBB노원구-0032","대기측정소-0008",37.5088475265571,127.124754554917,"대기측정소"
"702",151,"V02Q1940756","19BCFF동작구-0019","동작구-0019",37.5300530725845,127.004077239014,"동작구"
"703",150,"V02Q1940757","19ABBB송파구-0020","송파구-0020",37.5199709656691,127.157593285034,"송파구"
"704",149,"V02Q1940758","19ABJB성동구-0040","성동구-0040",37.5812173283976,126.947566402707,"성동구"
"705",148,"V02Q1940759","19ABJB양천구-0038","양천구-0038",37.5813638640138,126.922645358244,"양천구"
"706",147,"V02Q1940760","19ABJB양천구-0049","양천구-0049",37.6485533316293,126.95731358487,"양천구"
"707",146,"V02Q1940761","19ABJB성동구-0057","성동구-0057",37.5341362350123,127.053608422375,"성동구"
"708",145,"V02Q1940762","19ABJB양천구-0032","양천구-0032",37.516225452814,126.79253111678,"양천구"
"709",144,"V02Q1940763","19ABBB강북구-0023","강북구-0023",37.506523285311,126.953040651529,"강북구"
"710",143,"V02Q1940764","19ABBB송파구-0010","송파구-0010",37.5154920444442,127.011727516606,"송파구"
"711",142,"V02Q1940765","19ABJB양천구-0056","양천구-0056",37.5268366402537,126.970242238984,"양천구"
"712",141,"V02Q1940766","19ABJB양천구-0033","양천구-0033",37.6492409963043,126.977187519422,"양천구"
"713",140,"V02Q1940767","19ABBB송파구-0012","송파구-0012",37.5446651280607,126.917733943144,"송파구"
"714",139,"V02Q1940768","19ABBB송파구-0025","송파구-0025",37.5557014267084,127.023822744668,"송파구"
"715",138,"V02Q1940769","19ABJB양천구-0058","양천구-0058",37.5172166642033,127.069278266923,"양천구"
"716",137,"V02Q1940770","19BCFF강동구-0023","강동구-0023",37.4558088580092,126.853400028218,"강동구"
"717",136,"V02Q1940771","19ABJB양천구-0040","양천구-0040",37.5002468099753,126.971002834935,"양천구"
"718",135,"V02Q1940772","19ABBB송파구-0013","송파구-0013",37.5108865503597,127.053499691174,"송파구"
"719",134,"V02Q1940773","19ABJB양천구-0054","양천구-0054",37.497814804874,127.054072097816,"양천구"
"720",133,"V02Q1940774","19ABJB양천구-0042","양천구-0042",37.4593629928093,127.022747916086,"양천구"
"721",132,"V02Q1940775","19ABBB송파구-0014","송파구-0014",37.6459456801465,126.963052970261,"송파구"
"722",131,"V02Q1940776","19ABJB양천구-0039","양천구-0039",37.5528561871594,127.118770761202,"양천구"
"723",130,"V02Q1940777","19ABBB금천구-0009","금천구-0009",37.4971309979005,126.997864251993,"금천구"
"724",129,"V02Q1940778","19ABJB양천구-0062","양천구-0062",37.5015253479212,127.096578481643,"양천구"
"725",128,"V02Q1940779","19BBB-광진구-0024","대기측정소-0003",37.5505034967989,127.056933898492,"대기측정소"
"726",127,"V02Q1940780","19ABBB중구-0031","대기측정소-0009",37.5822433192362,127.130734506565,"대기측정소"
"727",126,"V02Q1940781","19ABBB송파구-0022","송파구-0022",37.5341228122166,126.974341994033,"송파구"
"728",125,"V02Q1940782","19BBB강서구-0031","대기측정소-0016",37.5750143576054,127.015353867973,"대기측정소"
"729",124,"V02Q1940783","19BCFF도봉구-0025","도봉구-0025",37.565172887647,126.974851701726,"도봉구"
"730",123,"V02Q1940784","19ABBB송파구-0002","송파구-0002",37.528910029361,127.001115425158,"송파구"
"731",122,"V02Q1940785","19ABBB동대문구-0022","대기측정소-0021",37.6861953351222,127.068761303493,"대기측정소"
"732",121,"V02Q1940786","19ABBB성동구-0065","대기측정소-0019",37.5013477984126,126.950390564732,"대기측정소"
"733",120,"V02Q1940787","19ABBB송파구-0018","송파구-0018",37.5518402255355,126.939408302302,"송파구"
"734",119,"V02Q1940788","19ABBB송파구-0021","송파구-0021",37.5774688551427,126.984439190725,"송파구"
"735",118,"V02Q1940789","19BBB-강남구-0034","대기측정소-0007",37.5569225090528,127.174391264819,"대기측정소"
"736",117,"V02Q1940790","19BBB강동구-0029","강동구-0029",37.5039126816881,127.039457041851,"강동구"
"737",116,"V02Q1940791","19ABBB송파구-0007","송파구-0007",37.5242900515305,126.816399458042,"송파구"
"738",115,"V02Q1940792","19ABJB양천구-0034","양천구-0034",37.6046455416424,127.045411079171,"양천구"
"739",114,"V02Q1940793","19ABBB송파구-0005","송파구-0005",37.5799819729822,126.958393401107,"송파구"
"740",113,"V02Q1940794","19ABJB양천구-0060","양천구-0060",37.5548881827571,126.842434057632,"양천구"
"741",112,"V02Q1940795","19ABJB양천구-0066","양천구-0066",37.5397398275663,126.811208198863,"양천구"
"742",111,"V02Q1940796","19ABBB종로구-0012","종로구-0012",37.532349083104,126.824725997653,"종로구"
"743",110,"V02Q1940797","19ABBB종로구-0023","종로구-0023",37.6073965124001,126.924581872887,"종로구"
"744",109,"V02Q1940798","19ABBB강동구-0029","대기측정소-0002",37.6650399450218,126.97609802131,"대기측정소"
"745",108,"V02Q1940799","19BCFF도봉구-0019","도봉구-0019",37.6078404235041,127.024183449178,"도봉구"
"746",107,"V02Q1940800","19ABBB송파구-0019","송파구-0019",37.5718401765941,126.908514715174,"송파구"
"747",106,"V02Q1940801","19ABJB양천구-0055","양천구-0055",37.5816625266258,126.98812584801,"양천구"
"748",105,"V02Q1940802","19ABBB종로구-0035","종로구-0035",37.5936872876916,126.918923840893,"종로구"
"749",104,"V02Q1940803","19ABJB양천구-0065","양천구-0065",37.6035499108414,126.947861685953,"양천구"
"750",103,"V02Q1940804","19ABBB양천구-0007","양천구-0007",37.6028003773172,127.095903776951,"양천구"
"751",102,"V02Q1940805","19ABJB양천구-0068","양천구-0068",37.5627993199682,126.858703923086,"양천구"
"752",101,"V02Q1940806","19ABJB양천구-0070","양천구-0070",37.4168169500613,126.969368883265,"양천구"
"753",100,"V02Q1940807","19ABBB종로구-0026","종로구-0026",37.5420728639896,127.037491972882,"종로구"
"754",99,"V02Q1940808","19BCFF종로구-0039","종로구-0039",37.6877464151835,126.968770708854,"종로구"
"755",98,"V02Q1940809","19ADIM양천구-0023","양천구-0023",37.4727631370615,127.074071866858,"양천구"
"756",97,"V02Q1940810","19ABBB종로구-0032","종로구-0032",37.5655581811259,126.909291173798,"종로구"
"757",96,"V02Q1940811","19ADHH송파구-0033","송파구-0033",37.6080419765871,127.030710169547,"송파구"
"758",95,"V02Q1940812","19CBIN광진구-0023","광진구-0023",37.6295248177771,126.949707443579,"광진구"
"759",94,"V02Q1940813","19CBIN마포구-0067","마포구-0067",37.4956292706491,126.870048965922,"마포구"
"760",93,"V02Q1940814","19ABBB양천구-0005","양천구-0005",37.5674383221861,126.920106489864,"양천구"
"761",92,"V02Q1940815","19CBIN광진구-0022","광진구-0022",37.5515108376802,126.825972909825,"광진구"
"762",91,"V02Q1940816","19CBIN서초구-0026","서초구-0026",37.532203136276,126.849842137045,"서초구"
"763",90,"V02Q1940817","19ABBB종로구-0037","종로구-0037",37.6379968107765,126.858941748242,"종로구"
"764",89,"V02Q1940818","19ABBB종로구-0015","종로구-0015",37.5906907320401,126.936953864733,"종로구"
"765",88,"V02Q1940819","19ADHO송파구-0035","송파구-0035",37.5451728459082,126.946021263526,"송파구"
"766",87,"V02Q1940820","19ADHO송파구-0036","송파구-0036",37.6006707022679,126.965795463948,"송파구"
"767",86,"V02Q1940821","19ADHO송파구-0034","송파구-0034",37.5373169332656,126.986882756883,"송파구"
"768",85,"V02Q1940822","19ABBB종로구-0022","종로구-0022",37.5653572113039,126.833463683469,"종로구"
"769",84,"V02Q1940823","19ABBB강북구-0022","강북구-0022",37.5905872632399,126.942064926549,"강북구"
"770",83,"V02Q1940824","19CBIN강서구-0030","강서구-0030",37.596522907972,126.827911257334,"강서구"
"771",82,"V02Q1940825","19ABBB송파구-0024","송파구-0024",37.5077814373191,126.968693924146,"송파구"
"772",81,"V02Q1940826","19ACEE양천구-0020","양천구-0020",37.5588755734029,127.119973191371,"양천구"
"773",80,"V02Q1940827","19ABBB종로구-0029","종로구-0029",37.5218436413571,127.13040195944,"종로구"
"774",79,"V02Q1940828","19ABJB성동구-0025","성동구-0025",37.5497428791275,127.069871117307,"성동구"
"775",78,"V02Q1940829","19CBIN영등포구-0031","영등포구-0031",37.4909487832349,127.045383645109,"영등포구"
"776",77,"V02Q1940830","19CBIN용산구-0023","용산구-0023",37.5706575116878,126.92362159948,"용산구"
"777",76,"V02Q1940831","19CBIN강동구-0028","강동구-0028",37.5119231657554,126.883958487778,"강동구"
"778",75,"V02Q1940832","19ABBB송파구-0026","송파구-0026",37.5285138071942,127.043752393957,"송파구"
"779",74,"V02Q1940833","19CBIN마포구-0066","마포구-0066",37.566500466068,126.940001999066,"마포구"
"780",73,"V02Q1940834","19ABBB동작구-0027","대기측정소-0011",37.473392789648,127.089555516871,"대기측정소"
"781",72,"V02Q1940835","19ABJB양천구-0053","양천구-0053",37.6156220152091,126.895312192916,"양천구"
"782",71,"V02Q1940836","19CBIN영등포구-0030","영등포구-0030",37.5621156896534,126.990099920195,"영등포구"
"783",70,"V02Q1940837","19ABBB종로구-0017","종로구-0017",37.5638882216875,126.987506385383,"종로구"
"784",69,"V02Q1940838","19CBIN송파구-0037","송파구-0037",37.4633668741529,127.038393704244,"송파구"
"785",68,"V02Q1940839","19ABBB종로구-0030","종로구-0030",37.5851225093219,126.782373391061,"종로구"
"786",67,"V02Q1940840","19ABBB종로구-0038","종로구-0038",37.5243243809026,126.840312272601,"종로구"
"787",66,"V02Q1940841","19ABBB종로구-0014","종로구-0014",37.6629887914502,126.967969691401,"종로구"
"788",65,"V02Q1940842","19ABJB성동구-0042","성동구-0042",37.590958783516,126.921541690289,"성동구"
"789",64,"V02Q1940843","19ABBB종로구-0021","종로구-0021",37.5144292674741,126.907367361041,"종로구"
"790",63,"V02Q1940844","19ABBB종로구-0034","종로구-0034",37.5762848869577,127.003683842742,"종로구"
"791",62,"V02Q1940845","19ABBB송파구-0008","송파구-0008",37.6059938427018,126.949046843308,"송파구"
"792",61,"V02Q1940846","19BCFF도봉구-0018","도봉구-0018",37.5303715750362,127.050790323446,"도봉구"
"793",60,"V02Q1940847","19ABBB송파구-0016","송파구-0016",37.372542187908,127.081212053487,"송파구"
"794",59,"V02Q1940848","19ABBB종로구-0027","종로구-0027",37.6159722079174,127.045099039053,"종로구"
"795",58,"V02Q1940849","19ABJB양천구-0043","양천구-0043",37.5558157268906,126.795065631451,"양천구"
"796",57,"V02Q1940850","19ABBB영등포구-0032","대기측정소-0004",37.6200557600648,126.913205527417,"대기측정소"
"797",56,"V02Q1940851","19BCFF강동구-0022","강동구-0022",37.6173040406512,127.135239121561,"강동구"
"798",55,"V02Q1940852","19ABBB서대문구-0020","대기측정소-0022",37.5544381034984,126.844535610956,"대기측정소"
"799",54,"V02Q1940853","19BCFF강서구-0025","강서구-0025",37.5507833021533,127.170602751427,"강서구"
"800",53,"V02Q1940854","19ABBB마포구-0068","대기측정소-0012",37.5176985528649,127.129327575066,"대기측정소"
"801",52,"V02Q1940855","19ABBB양천구-0071","대기측정소-0013",37.4879834064718,127.128516265141,"대기측정소"
"802",51,"V02Q1940856","19ABBB용산구-0024","대기측정소-0005",37.498508483695,126.924230067933,"대기측정소"
"803",50,"V02Q1940857","19ACDD종로구-0019","종로구-0019",37.5734767562372,126.959244795499,"종로구"
"804",49,"V02Q1940858","19BCFF구로구-0021","구로구-0021",37.5116059180318,126.98245658228,"구로구"
"805",48,"V02Q1940859","19ABBB종로구-0018","종로구-0018",37.5329129285471,127.002989405048,"종로구"
"806",47,"V02Q1940860","19BCFF광진구-0020","광진구-0020",37.5416435891775,127.15808724179,"광진구"
"807",46,"V02Q1940861","19ABBB양천구-0016","양천구-0016",37.6119767176108,126.909005112538,"양천구"
"808",45,"V02Q1940862","19BCFF구로구-0020","구로구-0020",37.5022921913071,126.855602406203,"구로구"
"809",44,"V02Q1940863","19ABBB양천구-0006","양천구-0006",37.5473497183423,127.006671695257,"양천구"
"810",43,"V02Q1940864","19ABBB양천구-0015","양천구-0015",37.4894160565708,126.971370119755,"양천구"
"811",42,"V02Q1940865","19ABBB양천구-0001","양천구-0001",37.5530992781924,126.892384699528,"양천구"
"812",41,"V02Q1940866","19ABJB성동구-0048","성동구-0048",37.4989302496637,126.843484515059,"성동구"
"813",40,"V02Q1940867","19ABBB양천구-0002","양천구-0002",37.535219912125,127.105647635728,"양천구"
"814",39,"V02Q1940868","19ABJB성동구-0045","성동구-0045",37.4150887786441,126.872841520483,"성동구"
"815",38,"V02Q1940869","19ABBB양천구-0004","양천구-0004",37.557343090312,127.106650215921,"양천구"
"816",37,"V02Q1940870","19ABJB성동구-0033","성동구-0033",37.5222051819046,126.953116734983,"성동구"
"817",36,"V02Q1940871","19ABJB성동구-0044","성동구-0044",37.6316039539346,126.954607691814,"성동구"
"818",35,"V02Q1940872","19ABBB은평구-0021","대기측정소-0014",37.479849723705,127.004560390109,"대기측정소"
"819",34,"V02Q1940873","19ABBB송파구-0027","송파구-0027",37.5214792922817,127.115090617684,"송파구"
"820",33,"V02Q1940874","19ABJB양천구-0067","양천구-0067",37.5887884102257,126.913651383609,"양천구"
"821",32,"V02Q1940875","19ABBB종로구-0033","종로구-0033",37.5581051961722,126.826662014097,"종로구"
"822",31,"V02Q1940876","19ABJB양천구-0057","양천구-0057",37.4797311515548,127.066350207443,"양천구"
"823",30,"V02Q1940877","19ABBB종로구-0036","종로구-0036",37.5387870630419,126.940181181233,"종로구"
"824",29,"V02Q1940878","19CBIN영등포구-0029","영등포구-0029",37.6223166150704,126.997589788958,"영등포구"
"825",28,"V02Q1940879","19ABBB성북구-0025","대기측정소-0023",37.541776540689,126.901887736858,"대기측정소"
"826",27,"V02Q1940880","19ABBB금천구-0024","대기측정소-0020",37.5400792962827,126.952895936637,"대기측정소"
"827",26,"V02Q1940881","19ACEE종로구-0020","종로구-0020",37.5401038750919,127.06059565797,"종로구"
"828",25,"V02Q1940882","19ABBB중랑구-0023","대기측정소-0010",37.5355279553571,126.92966466995,"대기측정소"
"829",24,"V02Q1940883","19ABBB종로구-0024","종로구-0024",37.5031408093486,127.034178613329,"종로구"
"830",23,"V02Q1940884","19ABBB관악구-0069","대기측정소-0006",37.4727133213591,126.953795400285,"대기측정소"
"831",22,"V02Q1940885","19BCFF노원구-0024","노원구-0024",37.5702330315386,126.995097404558,"노원구"
"832",21,"V02Q1940886","19ABBB종로구-0025","종로구-0025",37.5502644193932,127.063114274977,"종로구"
"833",20,"V02Q1940887","19ABBB송파구-0038","대기측정소-0024",37.5324232531119,126.958747213671,"대기측정소"
"834",19,"V02Q1940888","19BCFF광진구-0019","광진구-0019",37.5688672308862,127.034393461331,"광진구"
"835",18,"V02Q1940889","19BCFF도봉구-0024","도봉구-0024",37.4740210050324,127.092050289202,"도봉구"
"836",17,"V02Q1940941","19BCFF송파구-0031","송파구-0031",37.5710979467918,126.997504661418,"송파구"
"837",16,"V02Q1940942","19BCFF양천구-0026","양천구-0026",37.5457125173053,127.047526532184,"양천구"
"838",15,"V02Q1940943","19BCFF양천구-0028","양천구-0028",37.5375839853875,126.930034844271,"양천구"
"839",14,"V02Q1940944","19BCFF중랑구-0020","중랑구-0020",37.621109859675,127.005219483948,"중랑구"
"840",13,"V02Q1940945","19BCFF마포구-0025","마포구-0025",37.5127008703404,127.10116215083,"마포구"
"841",12,"V02Q1940946","19BCFF양천구-0025","양천구-0025",37.5536155644568,126.929738265444,"양천구"
"842",11,"V02Q1940947","19BCFF동작구-0020","동작구-0020",37.5437179833432,127.077721054751,"동작구"
"843",10,"V02Q1940948","19BCFF금천구-0021","금천구-0021",37.6538688255906,126.866689596026,"금천구"
"844",9,"V02Q1940949","19BCFF강북구-0017","강북구-0017",37.5335296686574,127.048285799892,"강북구"
"845",8,"V02Q1940950","19BCFF노원구-0025","노원구-0025",37.604650607809,126.991520424351,"노원구"
"846",7,"V02Q1940951","19BCFF양천구-0027","양천구-0027",37.4680928881947,127.043743265847,"양천구"
"847",6,"V02Q1940952","19BCFF동작구-0022","동작구-0022",37.5088256878522,127.030823520253,"동작구"
"848",5,"V02Q1940953","19BCFF강남구-0028","강남구-0028",37.3824328914348,126.861446392704,"강남구"
"849",4,"V02Q1940954","19BCFF강남구-0027","강남구-0027",37.5175370204126,127.028424818747,"강남구"
"850",3,"V02Q1940955","19ABBB서초구-0027","대기측정소-0018",37.4119907028877,127.011401639207,"대기측정소"
"851",851,"V02Q1940935","19중구2-0032","대기측정소-0025",37.583966785244,126.9038773861,"대기측정소"
